/*==============================================================*/
/* Nom de SGBD :  PostgreSQL                                    */
/*==============================================================*/

drop table if exists COMPATIBILITE cascade;
drop table if exists DEMANDEUR cascade;
drop table if exists DEPARTEMENT cascade;
drop table if exists INSTALLATION cascade;
drop table if exists LOGICIEL cascade;
drop table if exists OS cascade;
drop table if exists PLATEFORME cascade;
drop table if exists TYPEOS cascade;
drop table if exists VERSIONVM cascade;
drop table if exists VM cascade;

/*==============================================================*/
/* Table : COMPATIBILITE                                        */
/*==============================================================*/
create table COMPATIBILITE 
(
   IDLOGICIEL           NUMERIC(5)            not null,
   IDOS                 NUMERIC(3)            not null,
   constraint PK_COMPATIBILITE primary key (IDLOGICIEL, IDOS)
);

/*==============================================================*/
/* Table : DEMANDEUR                                            */
/*==============================================================*/
create table DEMANDEUR 
(
   IDDEMANDEUR          NUMERIC(5)          not null,
   NOMDEMANDEUR         VARCHAR(50)         not null,
   PRENOMDEMANDEUR      VARCHAR(50)         not null,
   EMAIL                VARCHAR(80)         not null,
   TYPEDEMANDEUR        VARCHAR(20)         not null default 'Permanent'
   		constraint CK_DEMANDEUR_TYPE check(TYPEDEMANDEUR in ('Permanent', 'Vacataire')),
   RUE                  VARCHAR(200),
   CP                   CHAR(5),
   VILLE                VARCHAR(50),
   TELFIXE              CHAR(10),
   ENTREPRISE		VARCHAR(50),
   NUMBUREAU		CHAR(4),
   MOBILE 			CHAR(10),
   constraint PK_DEMANDEUR primary key (IDDEMANDEUR),
   constraint UQ_DEMANDEUR unique (NOMDEMANDEUR, PRENOMDEMANDEUR, TELFIXE),
   constraint CK_DEMANDEUR_MOBILE check (MOBILE like '06%' OR MOBILE like '07%' OR MOBILE IS NULL)
);

/*==============================================================*/
/* Table : DEPARTEMENT                                          */
/*==============================================================*/
create table DEPARTEMENT 
(
   IDDEPARTEMENT         NUMERIC(2)          not null,
   NOMDEPARTEMENT        VARCHAR(20)         not null,
   NOMUFR			  VARCHAR(20)	    not null,
   constraint PK_DEPARTEMENT primary key (IDDEPARTEMENT)
);

/*==============================================================*/
/* Table : INSTALLATION                                         */
/*==============================================================*/
create table INSTALLATION 
(
   IDINSTALLATION       NUMERIC(6)            not null,
   IDVM                 NUMERIC(4)            not null,
   NUMVERSION           NUMERIC(2)            not null,
   IDLOGICIEL           NUMERIC(5)            not null,
   constraint PK_INSTALLATION primary key (IDINSTALLATION),
   constraint UQ_INSTALLATION unique (IDVM, NUMVERSION, IDLOGICIEL)
);

/*==============================================================*/
/* Table : LOGICIEL                                             */
/*==============================================================*/
create table LOGICIEL 
(
   IDLOGICIEL           NUMERIC(5)          not null,
   NOMLOGICIEL          VARCHAR(50)         not null,
   constraint PK_LOGICIEL primary key (IDLOGICIEL)
);

/*==============================================================*/
/* Table : OS                                                   */
/*==============================================================*/
create table OS 
(
   IDOS                 NUMERIC(3)          not null,
   IDTYPEOS             NUMERIC(2)          not null,
   NOMOS                VARCHAR(30)         not null,
   constraint PK_OS primary key (IDOS)
);

/*==============================================================*/
/* Table : PLATEFORME                                          */
/*==============================================================*/
create table PLATEFORME 
(
   IDPLATEFORME         NUMERIC(2)          not null,
   NOMPLATEFORME        VARCHAR(30)         not null,
   constraint PK_PLATEFORME primary key (IDPLATEFORME)
);

/*==============================================================*/
/* Table : TYPEOS                                               */
/*==============================================================*/
create table TYPEOS 
(
   IDTYPEOS             NUMERIC(2)          not null,
   TYPEOS               VARCHAR(30)         not null,
   constraint PK_TYPEOS primary key (IDTYPEOS)
);

/*==============================================================*/
/* Table : VERSIONVM                                            */
/*==============================================================*/
create table VERSIONVM 
(
   IDVM                 NUMERIC(4)             not null,
   NUMVERSION           NUMERIC(2)             not null,
   DATEVERSION          DATE            default current_date not null,
   constraint PK_VERSIONVM primary key (IDVM, NUMVERSION)
);

/*==============================================================*/
/* Table : VM                                                   */
/*==============================================================*/
create table VM 
(
   IDVM                 NUMERIC(4)            not null,
   IDPLATEFORME         NUMERIC(2)            not null,
   IDDEMANDEUR          NUMERIC(5)            not null,
   IDDEPARTEMENT        NUMERIC(2)            not null,
   IDOS                 NUMERIC(3)            not null,
   NOMVM                VARCHAR(50)           not null,
   DESCRIPTION          VARCHAR(500)          not null,
   TAILLEDD             NUMERIC(6,2)          not null,
   MEMOIRERAM           NUMERIC(5)            not null
   		constraint CK_VM_MEMOIRERAM check(MEMOIRERAM <= 16384),
   TYPESTOCKAGE         VARCHAR(30)         not null
   		constraint CK_VM_TYPESTOCKAGE check(TYPESTOCKAGE in ('Dynamiquement alloue', 'Taille fixe')),
   constraint PK_VM primary key (IDVM)
);

alter table COMPATIBILITE
   add constraint FK_COMPATIBILITE_IDLOGICIEL foreign key (IDLOGICIEL)
      references LOGICIEL (IDLOGICIEL) ON UPDATE RESTRICT ON DELETE RESTRICT;
alter table COMPATIBILITE
   add constraint FK_COMPATIBILITE_IDOS foreign key (IDOS)
      references OS (IDOS) ON UPDATE RESTRICT ON DELETE RESTRICT;
alter table INSTALLATION
   add constraint FK_INSTALLATION_VERSIONVM foreign key (IDVM, NUMVERSION)
      references VERSIONVM (IDVM, NUMVERSION) ON UPDATE RESTRICT ON DELETE RESTRICT;
alter table INSTALLATION
   add constraint FK_INSTALLATION_LOGICIEL foreign key (IDLOGICIEL)
      references LOGICIEL (IDLOGICIEL) ON UPDATE RESTRICT ON DELETE RESTRICT;
alter table OS
   add constraint FK_OS_TYPEOS foreign key (IDTYPEOS)
      references TYPEOS (IDTYPEOS) ON UPDATE RESTRICT ON DELETE RESTRICT;
alter table VERSIONVM
   add constraint FK_VERSIONVM_VM foreign key (IDVM)
      references VM (IDVM) ON UPDATE RESTRICT ON DELETE RESTRICT;
alter table VM
   add constraint FK_VM_OS foreign key (IDOS)
      references OS (IDOS) ON UPDATE RESTRICT ON DELETE RESTRICT;
alter table VM
   add constraint FK_VM_PLATEFORME foreign key (IDPLATEFORME)
      references PLATEFORME (IDPLATEFORME) ON UPDATE RESTRICT ON DELETE RESTRICT;
alter table VM
   add constraint FK_VM_DEMANDEUR foreign key (IDDEMANDEUR)
      references DEMANDEUR (IDDEMANDEUR) ON UPDATE RESTRICT ON DELETE RESTRICT;
alter table VM
   add constraint FK_VM_DEPARTEMENT foreign key (IDDEPARTEMENT)
      references DEPARTEMENT (IDDEPARTEMENT) ON UPDATE RESTRICT ON DELETE RESTRICT;

DROP SEQUENCE IF EXISTS SEQ_DEMANDEUR;
CREATE SEQUENCE SEQ_DEMANDEUR;


Insert into DEMANDEUR (IDDEMANDEUR, NOMDEMANDEUR, PRENOMDEMANDEUR, EMAIL, TYPEDEMANDEUR, RUE, CP, VILLE, TELFIXE, ENTREPRISE, NUMBUREAU) values (nextval('SEQ_DEMANDEUR'), 'ALBERT', 'Anne', 'anne.albert@gmail.com', 'Vacataire', '13 rue de la Gare', '74000', 'ANNECY', '0450505055', 'ITYCOM', null);
Insert into DEMANDEUR (IDDEMANDEUR, NOMDEMANDEUR, PRENOMDEMANDEUR, EMAIL, TYPEDEMANDEUR, RUE, CP, VILLE, TELFIXE, ENTREPRISE, NUMBUREAU) values (nextval('SEQ_DEMANDEUR'), 'BERNAUD', 'Barnabe', 'barnabe.bernaud@univ-savoie.fr', 'Permanent', NULL, NULL, NULL, NULL, NULL, 'D254');
Insert into DEMANDEUR (IDDEMANDEUR, NOMDEMANDEUR, PRENOMDEMANDEUR, EMAIL, TYPEDEMANDEUR, RUE, CP, VILLE, TELFIXE, ENTREPRISE, NUMBUREAU) values (nextval('SEQ_DEMANDEUR'), 'BALMAND', 'Antoine', 'antoine.balmand@univ-savoie.fr', 'Permanent', NULL, NULL, NULL, NULL, NULL, 'A200');
Insert into DEMANDEUR (IDDEMANDEUR, NOMDEMANDEUR, PRENOMDEMANDEUR, EMAIL, TYPEDEMANDEUR, RUE, CP, VILLE, TELFIXE, ENTREPRISE, NUMBUREAU) values (nextval('SEQ_DEMANDEUR'), 'BALMAT', 'David', 'david.balmat@univ-savoie.fr', 'Permanent', NULL, NULL, NULL, NULL, NULL, 'A100');
Insert into DEMANDEUR (IDDEMANDEUR, NOMDEMANDEUR, PRENOMDEMANDEUR, EMAIL, TYPEDEMANDEUR, RUE, CP, VILLE, TELFIXE, ENTREPRISE, NUMBUREAU) values (nextval('SEQ_DEMANDEUR'), 'BALTHASSAT', 'Florian', 'florian.balthassat@univ-savoie.fr', 'Permanent', NULL, NULL, NULL, NULL, NULL, 'A101');
Insert into DEMANDEUR (IDDEMANDEUR, NOMDEMANDEUR, PRENOMDEMANDEUR, EMAIL, TYPEDEMANDEUR, RUE, CP, VILLE, TELFIXE, ENTREPRISE, NUMBUREAU) values (nextval('SEQ_DEMANDEUR'), 'BARNOUIN', 'Cyril', 'cyril.barnouin@univ-savoie.fr', 'Permanent', NULL, NULL, NULL, NULL, NULL, 'A300');
Insert into DEMANDEUR (IDDEMANDEUR, NOMDEMANDEUR, PRENOMDEMANDEUR, EMAIL, TYPEDEMANDEUR, RUE, CP, VILLE, TELFIXE, ENTREPRISE, NUMBUREAU) values (nextval('SEQ_DEMANDEUR'), 'BARONNAT', 'Mael', 'mael.baronnat@univ-savoie.fr', 'Permanent', NULL, NULL, NULL, NULL, NULL, 'D362');
Insert into DEMANDEUR (IDDEMANDEUR, NOMDEMANDEUR, PRENOMDEMANDEUR, EMAIL, TYPEDEMANDEUR, RUE, CP, VILLE, TELFIXE, ENTREPRISE, NUMBUREAU) values (nextval('SEQ_DEMANDEUR'), 'BASSET', 'Laura', 'laura.basset@univ-savoie.fr', 'Permanent', NULL, NULL, NULL, NULL, NULL, 'D363');
Insert into DEMANDEUR (IDDEMANDEUR, NOMDEMANDEUR, PRENOMDEMANDEUR, EMAIL, TYPEDEMANDEUR, RUE, CP, VILLE, TELFIXE, ENTREPRISE, NUMBUREAU) values (nextval('SEQ_DEMANDEUR'), 'CHEVILLET', 'William', 'william.chevillet@gmail.com', 'Vacataire', 'Praz Bon', '73410', 'Albens', '0450095006', 'TECHRESEARCH', NULL);
Insert into DEMANDEUR (IDDEMANDEUR, NOMDEMANDEUR, PRENOMDEMANDEUR, EMAIL, TYPEDEMANDEUR, RUE, CP, VILLE, TELFIXE, ENTREPRISE, NUMBUREAU) values (nextval('SEQ_DEMANDEUR'), 'CLARET', 'Bastien', 'bastien.claret@gmail.com', 'Vacataire', 'Technolac', '73000', 'ChambÇry', '0450095012', 'EURIWARE', NULL);
Insert into DEMANDEUR (IDDEMANDEUR, NOMDEMANDEUR, PRENOMDEMANDEUR, EMAIL, TYPEDEMANDEUR, RUE, CP, VILLE, TELFIXE, ENTREPRISE, NUMBUREAU) values (nextval('SEQ_DEMANDEUR'), 'COLAS', 'Mateo', 'mateo.colas@gmail.com', 'Vacataire', 'Rue de la Gare', '38460', 'Trept', '0474928768', 'MTMB', NULL);
Insert into DEMANDEUR (IDDEMANDEUR, NOMDEMANDEUR, PRENOMDEMANDEUR, EMAIL, TYPEDEMANDEUR, RUE, CP, VILLE, TELFIXE, ENTREPRISE, NUMBUREAU) values (nextval('SEQ_DEMANDEUR'), 'COMERMA', 'Julien', 'julien.comerma@gmail.com', 'Vacataire', '45 rue de la Gare', '38000', 'Grenoble', '0474928769', 'INFOPLUS', NULL);
Insert into DEMANDEUR (IDDEMANDEUR, NOMDEMANDEUR, PRENOMDEMANDEUR, EMAIL, TYPEDEMANDEUR, RUE, CP, VILLE, TELFIXE, ENTREPRISE, NUMBUREAU) values (nextval('SEQ_DEMANDEUR'), 'BEAU', 'Maxime', 'maxime.beau@univ-savoie.fr', 'Permanent', NULL, NULL, NULL, NULL, NULL, 'D100');
Insert into DEMANDEUR (IDDEMANDEUR, NOMDEMANDEUR, PRENOMDEMANDEUR, EMAIL, TYPEDEMANDEUR, RUE, CP, VILLE, TELFIXE, ENTREPRISE, NUMBUREAU) values (nextval('SEQ_DEMANDEUR'), 'BEAUREPAIRE', 'Clency', 'clency.beaurepaire@univ-savoie.fr', 'Permanent', NULL, NULL, NULL, NULL, NULL, 'D101');
Insert into DEMANDEUR (IDDEMANDEUR, NOMDEMANDEUR, PRENOMDEMANDEUR, EMAIL, TYPEDEMANDEUR, RUE, CP, VILLE, TELFIXE, ENTREPRISE, NUMBUREAU) values (nextval('SEQ_DEMANDEUR'), 'BELAID', 'Theo', 'theo.belaid@univ-savoie.fr', 'Permanent', NULL, NULL, NULL, NULL, NULL, 'A100');
Insert into DEMANDEUR (IDDEMANDEUR, NOMDEMANDEUR, PRENOMDEMANDEUR, EMAIL, TYPEDEMANDEUR, RUE, CP, VILLE, TELFIXE, ENTREPRISE, NUMBUREAU) values (nextval('SEQ_DEMANDEUR'), 'BEN STA', 'Vincent', 'vincent.ben sta@univ-savoie.fr', 'Permanent', NULL, NULL, NULL, NULL, NULL, 'A200');
Insert into DEMANDEUR (IDDEMANDEUR, NOMDEMANDEUR, PRENOMDEMANDEUR, EMAIL, TYPEDEMANDEUR, RUE, CP, VILLE, TELFIXE, ENTREPRISE, NUMBUREAU) values (nextval('SEQ_DEMANDEUR'), 'CATHALA', 'Samuel', 'samuel.cathala@sopra.fr', 'Vacataire', '13 Rue du PrÇ faucon', '74940', 'Annecy le Vieux', '0450092004', 'SOPRA Group', NULL);
Insert into DEMANDEUR (IDDEMANDEUR, NOMDEMANDEUR, PRENOMDEMANDEUR, EMAIL, TYPEDEMANDEUR, RUE, CP, VILLE, TELFIXE, ENTREPRISE, NUMBUREAU) values (nextval('SEQ_DEMANDEUR'), 'BRAVOZ', 'Kevin', 'kevin.bravoz@univ-savoie.fr', 'Permanent', NULL, NULL, NULL, NULL, NULL, 'G203');
Insert into DEMANDEUR (IDDEMANDEUR, NOMDEMANDEUR, PRENOMDEMANDEUR, EMAIL, TYPEDEMANDEUR, RUE, CP, VILLE, TELFIXE, ENTREPRISE, NUMBUREAU) values (nextval('SEQ_DEMANDEUR'), 'BRUNET', 'Thomas', 'thomas.brunet@univ-savoie.fr', 'Permanent', NULL, NULL, NULL, NULL, NULL, 'G204');
Insert into DEMANDEUR (IDDEMANDEUR, NOMDEMANDEUR, PRENOMDEMANDEUR, EMAIL, TYPEDEMANDEUR, RUE, CP, VILLE, TELFIXE, ENTREPRISE, NUMBUREAU) values (nextval('SEQ_DEMANDEUR'), 'CHAVANNE-AROD', 'Jeremia', 'jeremia.chavanne-arod@sopra.fr', 'Vacataire', '13 Rue du PrÇ faucon', '74940', 'Annecy le Vieux', '0450092014', 'SOPRA Group', NULL);
Insert into DEMANDEUR (IDDEMANDEUR, NOMDEMANDEUR, PRENOMDEMANDEUR, EMAIL, TYPEDEMANDEUR, RUE, CP, VILLE, TELFIXE, ENTREPRISE, NUMBUREAU) values (nextval('SEQ_DEMANDEUR'), 'CHENAL', 'Sahid', 'sahid.chenal@gmail.com', 'Vacataire', '10 rue de la Gare', '74000', 'Annecy', '0450095001', 'Axinfo', NULL);
Insert into DEMANDEUR (IDDEMANDEUR, NOMDEMANDEUR, PRENOMDEMANDEUR, EMAIL, TYPEDEMANDEUR, RUE, CP, VILLE, TELFIXE, ENTREPRISE, NUMBUREAU) values (nextval('SEQ_DEMANDEUR'), 'BERGER', 'Gregoire', 'gregoire.berger@univ-savoie.fr', 'Permanent', NULL, NULL, NULL, NULL, NULL, 'F001');
Insert into DEMANDEUR (IDDEMANDEUR, NOMDEMANDEUR, PRENOMDEMANDEUR, EMAIL, TYPEDEMANDEUR, RUE, CP, VILLE, TELFIXE, ENTREPRISE, NUMBUREAU) values (nextval('SEQ_DEMANDEUR'), 'BERKATI', 'Candice', 'candice.berkati@univ-savoie.fr', 'Permanent', NULL, NULL, NULL, NULL, NULL, 'F003');
Insert into DEMANDEUR (IDDEMANDEUR, NOMDEMANDEUR, PRENOMDEMANDEUR, EMAIL, TYPEDEMANDEUR, RUE, CP, VILLE, TELFIXE, ENTREPRISE, NUMBUREAU) values (nextval('SEQ_DEMANDEUR'), 'BERNARD', 'Kentin', 'kentin.bernard@univ-savoie.fr', 'Permanent', NULL, NULL, NULL, NULL, NULL, 'G300');
Insert into DEMANDEUR (IDDEMANDEUR, NOMDEMANDEUR, PRENOMDEMANDEUR, EMAIL, TYPEDEMANDEUR, RUE, CP, VILLE, TELFIXE, ENTREPRISE, NUMBUREAU) values (nextval('SEQ_DEMANDEUR'), 'CUNY', 'Igor', 'igor.cuny@gmail.com', 'Vacataire', '10 rue des Mages', '69007', 'Lyon', '0474928772', 'AXELOR', NULL);
Insert into DEMANDEUR (IDDEMANDEUR, NOMDEMANDEUR, PRENOMDEMANDEUR, EMAIL, TYPEDEMANDEUR, RUE, CP, VILLE, TELFIXE, ENTREPRISE, NUMBUREAU) values (nextval('SEQ_DEMANDEUR'), 'CZYZEWSKI', 'Cyril', 'cyril.czyzewski@gmail.com', 'Vacataire', 'Technolac', '73000', 'ChambÇry', '0474928775', 'EURIWARE', NULL);
Insert into DEMANDEUR (IDDEMANDEUR, NOMDEMANDEUR, PRENOMDEMANDEUR, EMAIL, TYPEDEMANDEUR, RUE, CP, VILLE, TELFIXE, ENTREPRISE, NUMBUREAU) values (nextval('SEQ_DEMANDEUR'), 'BERNARD', 'Damien', 'damien.bernard@univ-savoie.fr', 'Permanent', NULL, NULL, NULL, NULL, NULL, 'G303');
Insert into DEMANDEUR (IDDEMANDEUR, NOMDEMANDEUR, PRENOMDEMANDEUR, EMAIL, TYPEDEMANDEUR, RUE, CP, VILLE, TELFIXE, ENTREPRISE, NUMBUREAU) values (nextval('SEQ_DEMANDEUR'), 'BERTHET', 'Antoine', 'antoine.berthet@univ-savoie.fr', 'Permanent', NULL, NULL, NULL, NULL, NULL, 'A200');
Insert into DEMANDEUR (IDDEMANDEUR, NOMDEMANDEUR, PRENOMDEMANDEUR, EMAIL, TYPEDEMANDEUR, RUE, CP, VILLE, TELFIXE, ENTREPRISE, NUMBUREAU) values (nextval('SEQ_DEMANDEUR'), 'CAZAJEUX', 'Kevin', 'kevin.cazajeux@sopra.fr', 'Vacataire', '13 Rue du PrÇ faucon', '74940', 'Annecy le Vieux', '0450092005', 'SOPRA Group', NULL);
Insert into DEMANDEUR (IDDEMANDEUR, NOMDEMANDEUR, PRENOMDEMANDEUR, EMAIL, TYPEDEMANDEUR, RUE, CP, VILLE, TELFIXE, ENTREPRISE, NUMBUREAU) values (nextval('SEQ_DEMANDEUR'), 'CHABERT', 'Guillaume', 'guillaume.chabert@sopra.fr', 'Vacataire', '13 Rue du PrÇ faucon', '74940', 'Annecy le Vieux', '0450092006', 'SOPRA Group', NULL);
Insert into DEMANDEUR (IDDEMANDEUR, NOMDEMANDEUR, PRENOMDEMANDEUR, EMAIL, TYPEDEMANDEUR, RUE, CP, VILLE, TELFIXE, ENTREPRISE, NUMBUREAU) values (nextval('SEQ_DEMANDEUR'), 'BERTHET', 'Nicolas', 'nicolas.berthet@univ-savoie.fr', 'Permanent', NULL, NULL, NULL, NULL, NULL, 'A100');
Insert into DEMANDEUR (IDDEMANDEUR, NOMDEMANDEUR, PRENOMDEMANDEUR, EMAIL, TYPEDEMANDEUR, RUE, CP, VILLE, TELFIXE, ENTREPRISE, NUMBUREAU) values (nextval('SEQ_DEMANDEUR'), 'BERTHON', 'Jason', 'jason.berthon@univ-savoie.fr', 'Permanent', NULL, NULL, NULL, NULL, NULL, 'A101');
Insert into DEMANDEUR (IDDEMANDEUR, NOMDEMANDEUR, PRENOMDEMANDEUR, EMAIL, TYPEDEMANDEUR, RUE, CP, VILLE, TELFIXE, ENTREPRISE, NUMBUREAU) values (nextval('SEQ_DEMANDEUR'), 'CHEVALIER', 'Julien', 'julien.chevalier@gmail.com', 'Vacataire', 'Chemin Bellevue', '74940', 'Annecy le Vieux', '0450095004', 'LAPTH', NULL);
Insert into DEMANDEUR (IDDEMANDEUR, NOMDEMANDEUR, PRENOMDEMANDEUR, EMAIL, TYPEDEMANDEUR, RUE, CP, VILLE, TELFIXE, ENTREPRISE, NUMBUREAU) values (nextval('SEQ_DEMANDEUR'), 'CHAMBADE', 'Anthony', 'anthony.chambade@sopra.fr', 'Vacataire', '13 Rue du PrÇ faucon', '74940', 'Annecy le Vieux', '0450092009', 'SOPRA Group', NULL);
Insert into DEMANDEUR (IDDEMANDEUR, NOMDEMANDEUR, PRENOMDEMANDEUR, EMAIL, TYPEDEMANDEUR, RUE, CP, VILLE, TELFIXE, ENTREPRISE, NUMBUREAU) values (nextval('SEQ_DEMANDEUR'), 'BESSE', 'Stefan', 'stefan.besse@univ-savoie.fr', 'Permanent', NULL, NULL, NULL, NULL, NULL, 'A300');
Insert into DEMANDEUR (IDDEMANDEUR, NOMDEMANDEUR, PRENOMDEMANDEUR, EMAIL, TYPEDEMANDEUR, RUE, CP, VILLE, TELFIXE, ENTREPRISE, NUMBUREAU) values (nextval('SEQ_DEMANDEUR'), 'BETEMPS', 'Guillaume', 'guillaume.betemps@univ-savoie.fr', 'Permanent', NULL, NULL, NULL, NULL, NULL, 'D362');
Insert into DEMANDEUR (IDDEMANDEUR, NOMDEMANDEUR, PRENOMDEMANDEUR, EMAIL, TYPEDEMANDEUR, RUE, CP, VILLE, TELFIXE, ENTREPRISE, NUMBUREAU) values (nextval('SEQ_DEMANDEUR'), 'BIENFAIT', 'Jules', 'jules.bienfait@univ-savoie.fr', 'Permanent', NULL, NULL, NULL, NULL, NULL, 'D363');
Insert into DEMANDEUR (IDDEMANDEUR, NOMDEMANDEUR, PRENOMDEMANDEUR, EMAIL, TYPEDEMANDEUR, RUE, CP, VILLE, TELFIXE, ENTREPRISE, NUMBUREAU) values (nextval('SEQ_DEMANDEUR'), 'CARTET', 'Leo', 'leo.cartet@sopra.fr', 'Vacataire', '13 Rue du PrÇ faucon', '74940', 'Annecy le Vieux', '0450092001', 'SOPRA Group', NULL);
Insert into DEMANDEUR (IDDEMANDEUR, NOMDEMANDEUR, PRENOMDEMANDEUR, EMAIL, TYPEDEMANDEUR, RUE, CP, VILLE, TELFIXE, ENTREPRISE, NUMBUREAU) values (nextval('SEQ_DEMANDEUR'), 'CARTIER', 'Cassandra', 'cassandra.cartier@sopra.fr', 'Vacataire', '13 Rue du PrÇ faucon', '74940', 'Annecy le Vieux', '0450092002', 'SOPRA Group', NULL);
Insert into DEMANDEUR (IDDEMANDEUR, NOMDEMANDEUR, PRENOMDEMANDEUR, EMAIL, TYPEDEMANDEUR, RUE, CP, VILLE, TELFIXE, ENTREPRISE, NUMBUREAU) values (nextval('SEQ_DEMANDEUR'), 'CHEROUSE', 'David', 'david.cherouse@gmail.com', 'Vacataire', '20 rue de la RÇpublique', '69001', 'Lyon', '0450095002', 'Schneider', NULL);
Insert into DEMANDEUR (IDDEMANDEUR, NOMDEMANDEUR, PRENOMDEMANDEUR, EMAIL, TYPEDEMANDEUR, RUE, CP, VILLE, TELFIXE, ENTREPRISE, NUMBUREAU) values (nextval('SEQ_DEMANDEUR'), 'CROCHON', 'Van', 'van.crochon@gmail.com', 'Vacataire', 'Technolac', '73000', 'ChambÇry', '0474928770', 'EURIWARE', NULL);
Insert into DEMANDEUR (IDDEMANDEUR, NOMDEMANDEUR, PRENOMDEMANDEUR, EMAIL, TYPEDEMANDEUR, RUE, CP, VILLE, TELFIXE, ENTREPRISE, NUMBUREAU) values (nextval('SEQ_DEMANDEUR'), 'CROIBIER', 'Julien', 'julien.croibier@gmail.com', 'Vacataire', '10 rue des Mages', '69007', 'Lyon', '0474928771', 'AXELOR', NULL);
Insert into DEMANDEUR (IDDEMANDEUR, NOMDEMANDEUR, PRENOMDEMANDEUR, EMAIL, TYPEDEMANDEUR, RUE, CP, VILLE, TELFIXE, ENTREPRISE, NUMBUREAU) values (nextval('SEQ_DEMANDEUR'), 'BILLARD', 'Maxime', 'maxime.billard@univ-savoie.fr', 'Permanent', NULL, NULL, NULL, NULL, NULL, 'D100');
Insert into DEMANDEUR (IDDEMANDEUR, NOMDEMANDEUR, PRENOMDEMANDEUR, EMAIL, TYPEDEMANDEUR, RUE, CP, VILLE, TELFIXE, ENTREPRISE, NUMBUREAU) values (nextval('SEQ_DEMANDEUR'), 'BINAULD', 'Benjamin', 'benjamin.binauld@univ-savoie.fr', 'Permanent', NULL, NULL, NULL, NULL, NULL, 'D101');
Insert into DEMANDEUR (IDDEMANDEUR, NOMDEMANDEUR, PRENOMDEMANDEUR, EMAIL, TYPEDEMANDEUR, RUE, CP, VILLE, TELFIXE, ENTREPRISE, NUMBUREAU) values (nextval('SEQ_DEMANDEUR'), 'BISCHOF', 'Bastien', 'bastien.bischof@univ-savoie.fr', 'Permanent', NULL, NULL, NULL, NULL, NULL, 'A100');
Insert into DEMANDEUR (IDDEMANDEUR, NOMDEMANDEUR, PRENOMDEMANDEUR, EMAIL, TYPEDEMANDEUR, RUE, CP, VILLE, TELFIXE, ENTREPRISE, NUMBUREAU) values (nextval('SEQ_DEMANDEUR'), 'CASTELAIN', 'Hugo', 'hugo.castelain@sopra.fr', 'Vacataire', '13 Rue du PrÇ faucon', '74940', 'Annecy le Vieux', '0450092003', 'SOPRA Group', NULL);
Insert into DEMANDEUR (IDDEMANDEUR, NOMDEMANDEUR, PRENOMDEMANDEUR, EMAIL, TYPEDEMANDEUR, RUE, CP, VILLE, TELFIXE, ENTREPRISE, NUMBUREAU) values (nextval('SEQ_DEMANDEUR'), 'BLANCHARD', 'Christelle', 'christelle.blanchard@univ-savoie.fr', 'Permanent', NULL, NULL, NULL, NULL, NULL, 'A200');
Insert into DEMANDEUR (IDDEMANDEUR, NOMDEMANDEUR, PRENOMDEMANDEUR, EMAIL, TYPEDEMANDEUR, RUE, CP, VILLE, TELFIXE, ENTREPRISE, NUMBUREAU) values (nextval('SEQ_DEMANDEUR'), 'BLENIAT', 'Kevin', 'kevin.bleniat@univ-savoie.fr', 'Permanent', NULL, NULL, NULL, NULL, NULL, 'F001');
Insert into DEMANDEUR (IDDEMANDEUR, NOMDEMANDEUR, PRENOMDEMANDEUR, EMAIL, TYPEDEMANDEUR, RUE, CP, VILLE, TELFIXE, ENTREPRISE, NUMBUREAU) values (nextval('SEQ_DEMANDEUR'), 'BORDIER', 'Mamadou', 'mamadou.bordier@univ-savoie.fr', 'Permanent', NULL, NULL, NULL, NULL, NULL, 'F003');
Insert into DEMANDEUR (IDDEMANDEUR, NOMDEMANDEUR, PRENOMDEMANDEUR, EMAIL, TYPEDEMANDEUR, RUE, CP, VILLE, TELFIXE, ENTREPRISE, NUMBUREAU) values (nextval('SEQ_DEMANDEUR'), 'COTE-COLISSON', 'Olivier', 'olivier.cote-colisson@gmail.com', 'Vacataire', 'Avenue Marcel Dassault', '74370', 'Pringy', '0474928771', 'DASSAULT', NULL);
Insert into DEMANDEUR (IDDEMANDEUR, NOMDEMANDEUR, PRENOMDEMANDEUR, EMAIL, TYPEDEMANDEUR, RUE, CP, VILLE, TELFIXE, ENTREPRISE, NUMBUREAU) values (nextval('SEQ_DEMANDEUR'), 'BOUCHON', 'Romain', 'romain.bouchon@univ-savoie.fr', 'Permanent', NULL, NULL, NULL, NULL, NULL, 'D250');
Insert into DEMANDEUR (IDDEMANDEUR, NOMDEMANDEUR, PRENOMDEMANDEUR, EMAIL, TYPEDEMANDEUR, RUE, CP, VILLE, TELFIXE, ENTREPRISE, NUMBUREAU) values (nextval('SEQ_DEMANDEUR'), 'COTTIN', 'Seiji', 'seiji.cottin@gmail.com', 'Vacataire', '50 Rue du PrÇ faucon', '74940', 'Annecy le Vieux', '0474928772', 'ACCESS', NULL);

Insert into TYPEOS (IDTYPEOS, TYPEOS) values (1, 'Microsoft Windows');
Insert into TYPEOS (IDTYPEOS, TYPEOS) values (2, 'Linux');
Insert into TYPEOS (IDTYPEOS, TYPEOS) values (3, 'Solaris');
Insert into TYPEOS (IDTYPEOS, TYPEOS) values (4, 'BSD');
Insert into TYPEOS (IDTYPEOS, TYPEOS) values (5, 'Mac OS/X');
Insert into TYPEOS (IDTYPEOS, TYPEOS) values (6, 'Autre');

Insert into OS (IDOS, IDTYPEOS, NOMOS) values (1, 1, 'Windows 95');
Insert into OS (IDOS, IDTYPEOS, NOMOS) values (2, 1, 'Windows 98');
Insert into OS (IDOS, IDTYPEOS, NOMOS) values (3, 1, 'Windows Me');
Insert into OS (IDOS, IDTYPEOS, NOMOS) values (4, 1, 'Windows NT4');
Insert into OS (IDOS, IDTYPEOS, NOMOS) values (5, 1, 'Windows 2000');
Insert into OS (IDOS, IDTYPEOS, NOMOS) values (6, 1, 'Windows XP 32 bits');
Insert into OS (IDOS, IDTYPEOS, NOMOS) values (7, 1, 'Windows XP 64 bits');
Insert into OS (IDOS, IDTYPEOS, NOMOS) values (8, 1, 'Windows 2003 32 bits');
Insert into OS (IDOS, IDTYPEOS, NOMOS) values (9, 1, 'Windows 2003 64 bits');
Insert into OS (IDOS, IDTYPEOS, NOMOS) values (10, 1, 'Windows Vista 32 bits');
Insert into OS (IDOS, IDTYPEOS, NOMOS) values (11, 1, 'Windows Vista 64 bits');
Insert into OS (IDOS, IDTYPEOS, NOMOS) values (12, 1, 'Windows 2008 32 bits');
Insert into OS (IDOS, IDTYPEOS, NOMOS) values (13, 1, 'Windows 2008 64 bits');
Insert into OS (IDOS, IDTYPEOS, NOMOS) values (14, 1, 'Windows 7 32 bits');
Insert into OS (IDOS, IDTYPEOS, NOMOS) values (15, 1, 'Windows 7 64 bits');
Insert into OS (IDOS, IDTYPEOS, NOMOS) values (16, 1, 'Windows 8.1 32 bits');
Insert into OS (IDOS, IDTYPEOS, NOMOS) values (17, 1, 'Windows 8.1 64 bits');
Insert into OS (IDOS, IDTYPEOS, NOMOS) values (18, 1, 'Windows 10 32 bits');
Insert into OS (IDOS, IDTYPEOS, NOMOS) values (19, 1, 'Windows 10 64 bits');
Insert into OS (IDOS, IDTYPEOS, NOMOS) values (20, 1, 'Windows 2016');
Insert into OS (IDOS, IDTYPEOS, NOMOS) values (21, 2, 'Debian 32 bits');
Insert into OS (IDOS, IDTYPEOS, NOMOS) values (22, 2, 'Debian 64 bits');
Insert into OS (IDOS, IDTYPEOS, NOMOS) values (23, 2, 'OpenSUSE 32 bits');
Insert into OS (IDOS, IDTYPEOS, NOMOS) values (24, 2, 'OpenSUSE 64 bits');
Insert into OS (IDOS, IDTYPEOS, NOMOS) values (25, 2, 'Fedora 32 bits');
Insert into OS (IDOS, IDTYPEOS, NOMOS) values (26, 2, 'Fedora 64 bits');
Insert into OS (IDOS, IDTYPEOS, NOMOS) values (27, 2, 'Mandriva 32 bits');
Insert into OS (IDOS, IDTYPEOS, NOMOS) values (28, 2, 'Mandriva 64 bits');
Insert into OS (IDOS, IDTYPEOS, NOMOS) values (29, 2, 'Red Hat 32 bits');
Insert into OS (IDOS, IDTYPEOS, NOMOS) values (30, 2, 'Red Hat 64 bits');
Insert into OS (IDOS, IDTYPEOS, NOMOS) values (31, 2, 'Ubuntu 32 bits');
Insert into OS (IDOS, IDTYPEOS, NOMOS) values (32, 2, 'Ubuntu 64 bits');
Insert into OS (IDOS, IDTYPEOS, NOMOS) values (33, 2, 'Oracle 32 bits');
Insert into OS (IDOS, IDTYPEOS, NOMOS) values (34, 2, 'Oracle 64 bits');
Insert into OS (IDOS, IDTYPEOS, NOMOS) values (35, 2, 'Autre Linux 32 bits');
Insert into OS (IDOS, IDTYPEOS, NOMOS) values (36, 2, 'Autre Linux 64 bits');
Insert into OS (IDOS, IDTYPEOS, NOMOS) values (37, 3, 'Solaris 10 32 bits');
Insert into OS (IDOS, IDTYPEOS, NOMOS) values (38, 3, 'Solaris 10 64 bits');
Insert into OS (IDOS, IDTYPEOS, NOMOS) values (39, 3, 'Solaris 11 64 bits');
Insert into OS (IDOS, IDTYPEOS, NOMOS) values (40, 4, 'FreeBSD 32 bits');
Insert into OS (IDOS, IDTYPEOS, NOMOS) values (41, 4, 'FreeBSD 64 bits');
Insert into OS (IDOS, IDTYPEOS, NOMOS) values (42, 4, 'OpenBSD 32 bits');
Insert into OS (IDOS, IDTYPEOS, NOMOS) values (43, 4, 'OpenBSD 64 bits');
Insert into OS (IDOS, IDTYPEOS, NOMOS) values (44, 4, 'NetBSD 32 bits');
Insert into OS (IDOS, IDTYPEOS, NOMOS) values (45, 4, 'NetBSD 64 bits');
Insert into OS (IDOS, IDTYPEOS, NOMOS) values (46, 5, 'Mac OS X 10.5 32 bits');
Insert into OS (IDOS, IDTYPEOS, NOMOS) values (47, 5, 'Mac OS X 10.5 64 bits');
Insert into OS (IDOS, IDTYPEOS, NOMOS) values (48, 5, 'Mac OS X 10.9 32 bits');
Insert into OS (IDOS, IDTYPEOS, NOMOS) values (49, 5, 'Mac OS X 10.10 64 bits');
Insert into OS (IDOS, IDTYPEOS, NOMOS) values (50, 5, 'Mac OS X 10.11 64 bits');
Insert into OS (IDOS, IDTYPEOS, NOMOS) values (51, 5, 'Mac OS X 10.12 64 bits');
Insert into OS (IDOS, IDTYPEOS, NOMOS) values (52, 5, 'Mac OS X 10.13 64 bits');
Insert into OS (IDOS, IDTYPEOS, NOMOS) values (53, 6, 'Autre 32 bits');
Insert into OS (IDOS, IDTYPEOS, NOMOS) values (54, 6, 'Autre 64 bits');

Insert into DEPARTEMENT (IDDEPARTEMENT, NOMDEPARTEMENT, NOMUFR) values (1, 'INFO', 'IUT Annecy');
Insert into DEPARTEMENT (IDDEPARTEMENT, NOMDEPARTEMENT, NOMUFR) values (2, 'RetT', 'IUT Annecy');
Insert into DEPARTEMENT (IDDEPARTEMENT, NOMDEPARTEMENT, NOMUFR) values (3, 'Geii', 'IUT Annecy');
Insert into DEPARTEMENT (IDDEPARTEMENT, NOMDEPARTEMENT, NOMUFR) values (4, 'TM', 'IAE Savoie');
Insert into DEPARTEMENT (IDDEPARTEMENT, NOMDEPARTEMENT, NOMUFR) values (5, 'GMP', 'IUT Annecy');
Insert into DEPARTEMENT (IDDEPARTEMENT, NOMDEPARTEMENT, NOMUFR) values (6, 'MPH', 'IUT Annecy');

Insert into PLATEFORME (IDPLATEFORME, NOMPLATEFORME) values (1, 'Oracle VirtualBox');
Insert into PLATEFORME (IDPLATEFORME, NOMPLATEFORME) values (2, 'Microsoft VirtualPC');
Insert into PLATEFORME (IDPLATEFORME, NOMPLATEFORME) values (3, 'VMWare');
Insert into PLATEFORME (IDPLATEFORME, NOMPLATEFORME) values (4, 'Microsoft Hyper-V');

Insert into VM (IDVM, IDPLATEFORME, IDDEMANDEUR, IDDEPARTEMENT, IDOS, NOMVM, DESCRIPTION, TAILLEDD, MEMOIRERAM, TYPESTOCKAGE) values (1, 1, 1, 1, 1, 'TPs reseaux Windows', 'TPs reseaux Windows', 20, 1024, 'Dynamiquement alloue');
Insert into VM (IDVM, IDPLATEFORME, IDDEMANDEUR, IDDEPARTEMENT, IDOS, NOMVM, DESCRIPTION, TAILLEDD, MEMOIRERAM, TYPESTOCKAGE) values (2, 1, 1, 1, 2, 'TPs reseaux Windows', 'TPs reseaux Windows', 20, 1024, 'Dynamiquement alloue');
Insert into VM (IDVM, IDPLATEFORME, IDDEMANDEUR, IDDEPARTEMENT, IDOS, NOMVM, DESCRIPTION, TAILLEDD, MEMOIRERAM, TYPESTOCKAGE) values (3, 1, 1, 1, 3, 'TPs reseaux Windows', 'TPs reseaux Windows', 20, 1024, 'Dynamiquement alloue');
Insert into VM (IDVM, IDPLATEFORME, IDDEMANDEUR, IDDEPARTEMENT, IDOS, NOMVM, DESCRIPTION, TAILLEDD, MEMOIRERAM, TYPESTOCKAGE) values (4, 1, 1, 1, 4, 'TPs reseaux Windows', 'TPs reseaux Windows', 20, 1024, 'Dynamiquement alloue');
Insert into VM (IDVM, IDPLATEFORME, IDDEMANDEUR, IDDEPARTEMENT, IDOS, NOMVM, DESCRIPTION, TAILLEDD, MEMOIRERAM, TYPESTOCKAGE) values (5, 1, 1, 1, 5, 'TPs reseaux Windows', 'TPs reseaux Windows', 20, 1024, 'Dynamiquement alloue');
Insert into VM (IDVM, IDPLATEFORME, IDDEMANDEUR, IDDEPARTEMENT, IDOS, NOMVM, DESCRIPTION, TAILLEDD, MEMOIRERAM, TYPESTOCKAGE) values (6, 1, 1, 1, 6, 'TPs reseaux Windows', 'TPs reseaux Windows', 20, 1024, 'Dynamiquement alloue');
Insert into VM (IDVM, IDPLATEFORME, IDDEMANDEUR, IDDEPARTEMENT, IDOS, NOMVM, DESCRIPTION, TAILLEDD, MEMOIRERAM, TYPESTOCKAGE) values (7, 1, 1, 1, 7, 'TPs reseaux Windows', 'TPs reseaux Windows', 20, 1024, 'Dynamiquement alloue');
Insert into VM (IDVM, IDPLATEFORME, IDDEMANDEUR, IDDEPARTEMENT, IDOS, NOMVM, DESCRIPTION, TAILLEDD, MEMOIRERAM, TYPESTOCKAGE) values (8, 1, 1, 1, 8, 'TPs reseaux Windows', 'TPs reseaux Windows', 20, 2048, 'Dynamiquement alloue');
Insert into VM (IDVM, IDPLATEFORME, IDDEMANDEUR, IDDEPARTEMENT, IDOS, NOMVM, DESCRIPTION, TAILLEDD, MEMOIRERAM, TYPESTOCKAGE) values (9, 1, 1, 1, 9, 'TPs reseaux Windows', 'TPs reseaux Windows', 20, 2048, 'Dynamiquement alloue');
Insert into VM (IDVM, IDPLATEFORME, IDDEMANDEUR, IDDEPARTEMENT, IDOS, NOMVM, DESCRIPTION, TAILLEDD, MEMOIRERAM, TYPESTOCKAGE) values (10, 1, 1, 1, 10, 'TPs reseaux Windows', 'TPs reseaux Windows', 20, 2048, 'Dynamiquement alloue');
Insert into VM (IDVM, IDPLATEFORME, IDDEMANDEUR, IDDEPARTEMENT, IDOS, NOMVM, DESCRIPTION, TAILLEDD, MEMOIRERAM, TYPESTOCKAGE) values (11, 1, 1, 1, 11, 'TPs reseaux Windows', 'TPs reseaux Windows', 20, 2048, 'Dynamiquement alloue');
Insert into VM (IDVM, IDPLATEFORME, IDDEMANDEUR, IDDEPARTEMENT, IDOS, NOMVM, DESCRIPTION, TAILLEDD, MEMOIRERAM, TYPESTOCKAGE) values (12, 1, 1, 1, 12, 'TPs reseaux Windows', 'TPs reseaux Windows', 20, 2048, 'Dynamiquement alloue');
Insert into VM (IDVM, IDPLATEFORME, IDDEMANDEUR, IDDEPARTEMENT, IDOS, NOMVM, DESCRIPTION, TAILLEDD, MEMOIRERAM, TYPESTOCKAGE) values (13, 1, 1, 1, 13, 'TPs reseaux Windows', 'TPs reseaux Windows', 20, 4096, 'Dynamiquement alloue');
Insert into VM (IDVM, IDPLATEFORME, IDDEMANDEUR, IDDEPARTEMENT, IDOS, NOMVM, DESCRIPTION, TAILLEDD, MEMOIRERAM, TYPESTOCKAGE) values (14, 1, 1, 1, 14, 'TPs reseaux Windows', 'TPs reseaux Windows', 20, 4096, 'Dynamiquement alloue');
Insert into VM (IDVM, IDPLATEFORME, IDDEMANDEUR, IDDEPARTEMENT, IDOS, NOMVM, DESCRIPTION, TAILLEDD, MEMOIRERAM, TYPESTOCKAGE) values (15, 1, 1, 1, 15, 'TPs reseaux Windows', 'TPs reseaux Windows', 20, 4096, 'Dynamiquement alloue');
Insert into VM (IDVM, IDPLATEFORME, IDDEMANDEUR, IDDEPARTEMENT, IDOS, NOMVM, DESCRIPTION, TAILLEDD, MEMOIRERAM, TYPESTOCKAGE) values (16, 1, 1, 1, 16, 'TPs reseaux Windows', 'TPs reseaux Windows', 20, 4096, 'Dynamiquement alloue');
Insert into VM (IDVM, IDPLATEFORME, IDDEMANDEUR, IDDEPARTEMENT, IDOS, NOMVM, DESCRIPTION, TAILLEDD, MEMOIRERAM, TYPESTOCKAGE) values (17, 1, 1, 1, 17, 'TPs reseaux Windows', 'TPs reseaux Windows', 20, 4096, 'Dynamiquement alloue');
Insert into VM (IDVM, IDPLATEFORME, IDDEMANDEUR, IDDEPARTEMENT, IDOS, NOMVM, DESCRIPTION, TAILLEDD, MEMOIRERAM, TYPESTOCKAGE) values (18, 1, 1, 1, 18, 'TPs reseaux Windows', 'TPs reseaux Windows', 20, 4096, 'Dynamiquement alloue');
Insert into VM (IDVM, IDPLATEFORME, IDDEMANDEUR, IDDEPARTEMENT, IDOS, NOMVM, DESCRIPTION, TAILLEDD, MEMOIRERAM, TYPESTOCKAGE) values (19, 1, 1, 1, 19, 'TPs reseaux Windows', 'TPs reseaux Windows', 20, 4096, 'Dynamiquement alloue');
Insert into VM (IDVM, IDPLATEFORME, IDDEMANDEUR, IDDEPARTEMENT, IDOS, NOMVM, DESCRIPTION, TAILLEDD, MEMOIRERAM, TYPESTOCKAGE) values (20, 1, 2, 1, 14, 'VS 2010', 'TP .NET', 50, 4096, 'Dynamiquement alloue');
Insert into VM (IDVM, IDPLATEFORME, IDDEMANDEUR, IDDEPARTEMENT, IDOS, NOMVM, DESCRIPTION, TAILLEDD, MEMOIRERAM, TYPESTOCKAGE) values (21, 3, 2, 1, 17, 'VS 2013', 'TP.NET', 80, 4096, 'Dynamiquement alloue');
Insert into VM (IDVM, IDPLATEFORME, IDDEMANDEUR, IDDEPARTEMENT, IDOS, NOMVM, DESCRIPTION, TAILLEDD, MEMOIRERAM, TYPESTOCKAGE) values (22, 3, 2, 1, 19, 'VS 2017', 'TP.NET', 90, 4096, 'Dynamiquement alloue');
Insert into VM (IDVM, IDPLATEFORME, IDDEMANDEUR, IDDEPARTEMENT, IDOS, NOMVM, DESCRIPTION, TAILLEDD, MEMOIRERAM, TYPESTOCKAGE) values (23, 1, 3, 2, 14, 'VS 2017', 'TP C#', 80, 2048, 'Dynamiquement alloue');
Insert into VM (IDVM, IDPLATEFORME, IDDEMANDEUR, IDDEPARTEMENT, IDOS, NOMVM, DESCRIPTION, TAILLEDD, MEMOIRERAM, TYPESTOCKAGE) values (24, 1, 25, 2, 21, 'TPs systeme', 'TPs systeme', 20, 2048, 'Dynamiquement alloue');
Insert into VM (IDVM, IDPLATEFORME, IDDEMANDEUR, IDDEPARTEMENT, IDOS, NOMVM, DESCRIPTION, TAILLEDD, MEMOIRERAM, TYPESTOCKAGE) values (25, 2, 28, 2, 23, 'TPs systeme', 'TPs systeme', 20, 2048, 'Dynamiquement alloue');
Insert into VM (IDVM, IDPLATEFORME, IDDEMANDEUR, IDDEPARTEMENT, IDOS, NOMVM, DESCRIPTION, TAILLEDD, MEMOIRERAM, TYPESTOCKAGE) values (26, 2, 31, 2, 25, 'TPs systeme', 'TPs systeme', 20, 2048, 'Dynamiquement alloue');
Insert into VM (IDVM, IDPLATEFORME, IDDEMANDEUR, IDDEPARTEMENT, IDOS, NOMVM, DESCRIPTION, TAILLEDD, MEMOIRERAM, TYPESTOCKAGE) values (27, 1, 10, 2, 27, 'TPs systeme', 'TPs systeme', 20, 2048, 'Dynamiquement alloue');
Insert into VM (IDVM, IDPLATEFORME, IDDEMANDEUR, IDDEPARTEMENT, IDOS, NOMVM, DESCRIPTION, TAILLEDD, MEMOIRERAM, TYPESTOCKAGE) values (28, 1, 5, 2, 29, 'TPs systeme', 'TPs systeme', 20, 2048, 'Dynamiquement alloue');
Insert into VM (IDVM, IDPLATEFORME, IDDEMANDEUR, IDDEPARTEMENT, IDOS, NOMVM, DESCRIPTION, TAILLEDD, MEMOIRERAM, TYPESTOCKAGE) values (29, 3, 13, 2, 31, 'TPs systeme', 'TPs systeme', 20, 2048, 'Dynamiquement alloue');
Insert into VM (IDVM, IDPLATEFORME, IDDEMANDEUR, IDDEPARTEMENT, IDOS, NOMVM, DESCRIPTION, TAILLEDD, MEMOIRERAM, TYPESTOCKAGE) values (30, 1, 3, 2, 33, 'TPs systeme', 'TPs systeme', 40, 2048, 'Taille fixe');
Insert into VM (IDVM, IDPLATEFORME, IDDEMANDEUR, IDDEPARTEMENT, IDOS, NOMVM, DESCRIPTION, TAILLEDD, MEMOIRERAM, TYPESTOCKAGE) values (31, 3, 23, 2, 37, 'TPs systeme', 'TPs systeme', 20, 2048, 'Dynamiquement alloue');
Insert into VM (IDVM, IDPLATEFORME, IDDEMANDEUR, IDDEPARTEMENT, IDOS, NOMVM, DESCRIPTION, TAILLEDD, MEMOIRERAM, TYPESTOCKAGE) values (32, 1, 3, 2, 40, 'TPs systeme', 'TPs systeme', 20, 2048, 'Dynamiquement alloue');
Insert into VM (IDVM, IDPLATEFORME, IDDEMANDEUR, IDDEPARTEMENT, IDOS, NOMVM, DESCRIPTION, TAILLEDD, MEMOIRERAM, TYPESTOCKAGE) values (33, 1, 50, 2, 42, 'TPs systeme', 'TPs systeme', 20, 2048, 'Dynamiquement alloue');
Insert into VM (IDVM, IDPLATEFORME, IDDEMANDEUR, IDDEPARTEMENT, IDOS, NOMVM, DESCRIPTION, TAILLEDD, MEMOIRERAM, TYPESTOCKAGE) values (34, 1, 8, 2, 44, 'TPs systeme', 'TPs systeme', 20, 2048, 'Dynamiquement alloue');
Insert into VM (IDVM, IDPLATEFORME, IDDEMANDEUR, IDDEPARTEMENT, IDOS, NOMVM, DESCRIPTION, TAILLEDD, MEMOIRERAM, TYPESTOCKAGE) values (35, 3, 48, 2, 46, 'TPs systeme', 'TPs systeme', 20, 2048, 'Dynamiquement alloue');
Insert into VM (IDVM, IDPLATEFORME, IDDEMANDEUR, IDDEPARTEMENT, IDOS, NOMVM, DESCRIPTION, TAILLEDD, MEMOIRERAM, TYPESTOCKAGE) values (36, 2, 44, 3, 21, 'TPs systeme', 'TPs systeme', 20, 2048, 'Dynamiquement alloue');
Insert into VM (IDVM, IDPLATEFORME, IDDEMANDEUR, IDDEPARTEMENT, IDOS, NOMVM, DESCRIPTION, TAILLEDD, MEMOIRERAM, TYPESTOCKAGE) values (37, 3, 18, 3, 23, 'TPs systeme', 'TPs systeme', 20, 2048, 'Dynamiquement alloue');
Insert into VM (IDVM, IDPLATEFORME, IDDEMANDEUR, IDDEPARTEMENT, IDOS, NOMVM, DESCRIPTION, TAILLEDD, MEMOIRERAM, TYPESTOCKAGE) values (38, 1, 30, 3, 25, 'TPs systeme', 'TPs systeme', 20, 2048, 'Dynamiquement alloue');
Insert into VM (IDVM, IDPLATEFORME, IDDEMANDEUR, IDDEPARTEMENT, IDOS, NOMVM, DESCRIPTION, TAILLEDD, MEMOIRERAM, TYPESTOCKAGE) values (39, 3, 35, 3, 27, 'TPs systeme', 'TPs systeme', 20, 2048, 'Dynamiquement alloue');
Insert into VM (IDVM, IDPLATEFORME, IDDEMANDEUR, IDDEPARTEMENT, IDOS, NOMVM, DESCRIPTION, TAILLEDD, MEMOIRERAM, TYPESTOCKAGE) values (40, 1, 26, 3, 29, 'TPs systeme', 'TPs systeme', 20, 2048, 'Dynamiquement alloue');
Insert into VM (IDVM, IDPLATEFORME, IDDEMANDEUR, IDDEPARTEMENT, IDOS, NOMVM, DESCRIPTION, TAILLEDD, MEMOIRERAM, TYPESTOCKAGE) values (41, 2, 31, 3, 31, 'TPs systeme', 'TPs systeme', 40, 2048, 'Taille fixe');
Insert into VM (IDVM, IDPLATEFORME, IDDEMANDEUR, IDDEPARTEMENT, IDOS, NOMVM, DESCRIPTION, TAILLEDD, MEMOIRERAM, TYPESTOCKAGE) values (42, 2, 42, 3, 33, 'TPs systeme', 'TPs systeme', 20, 2048, 'Dynamiquement alloue');
Insert into VM (IDVM, IDPLATEFORME, IDDEMANDEUR, IDDEPARTEMENT, IDOS, NOMVM, DESCRIPTION, TAILLEDD, MEMOIRERAM, TYPESTOCKAGE) values (43, 2, 17, 3, 37, 'TPs systeme', 'TPs systeme', 20, 2048, 'Dynamiquement alloue');
Insert into VM (IDVM, IDPLATEFORME, IDDEMANDEUR, IDDEPARTEMENT, IDOS, NOMVM, DESCRIPTION, TAILLEDD, MEMOIRERAM, TYPESTOCKAGE) values (44, 3, 50, 3, 40, 'TPs systeme', 'TPs systeme', 20, 2048, 'Dynamiquement alloue');
Insert into VM (IDVM, IDPLATEFORME, IDDEMANDEUR, IDDEPARTEMENT, IDOS, NOMVM, DESCRIPTION, TAILLEDD, MEMOIRERAM, TYPESTOCKAGE) values (45, 3, 2, 3, 42, 'TPs systeme', 'TPs systeme', 20, 2048, 'Dynamiquement alloue');
Insert into VM (IDVM, IDPLATEFORME, IDDEMANDEUR, IDDEPARTEMENT, IDOS, NOMVM, DESCRIPTION, TAILLEDD, MEMOIRERAM, TYPESTOCKAGE) values (46, 1, 30, 3, 44, 'TPs systeme', 'TPs systeme', 20, 2048, 'Dynamiquement alloue');
Insert into VM (IDVM, IDPLATEFORME, IDDEMANDEUR, IDDEPARTEMENT, IDOS, NOMVM, DESCRIPTION, TAILLEDD, MEMOIRERAM, TYPESTOCKAGE) values (47, 2, 34, 3, 46, 'TPs systeme', 'TPs systeme', 20, 2048, 'Dynamiquement alloue');
Insert into VM (IDVM, IDPLATEFORME, IDDEMANDEUR, IDDEPARTEMENT, IDOS, NOMVM, DESCRIPTION, TAILLEDD, MEMOIRERAM, TYPESTOCKAGE) values (48, 3, 7, 4, 6, 'TPs bureautique', 'TPs bureautique', 40, 1024, 'Taille fixe');
Insert into VM (IDVM, IDPLATEFORME, IDDEMANDEUR, IDDEPARTEMENT, IDOS, NOMVM, DESCRIPTION, TAILLEDD, MEMOIRERAM, TYPESTOCKAGE) values (49, 2, 15, 4, 6, 'TPs bureautique', 'TPs bureautique', 20, 1024, 'Dynamiquement alloue');
Insert into VM (IDVM, IDPLATEFORME, IDDEMANDEUR, IDDEPARTEMENT, IDOS, NOMVM, DESCRIPTION, TAILLEDD, MEMOIRERAM, TYPESTOCKAGE) values (50, 1, 37, 4, 6, 'TPs bureautique', 'TPs bureautique', 20, 1024, 'Dynamiquement alloue');
Insert into VM (IDVM, IDPLATEFORME, IDDEMANDEUR, IDDEPARTEMENT, IDOS, NOMVM, DESCRIPTION, TAILLEDD, MEMOIRERAM, TYPESTOCKAGE) values (51, 2, 48, 4, 6, 'TPs bureautique', 'TPs bureautique', 20, 1024, 'Dynamiquement alloue');
Insert into VM (IDVM, IDPLATEFORME, IDDEMANDEUR, IDDEPARTEMENT, IDOS, NOMVM, DESCRIPTION, TAILLEDD, MEMOIRERAM, TYPESTOCKAGE) values (52, 1, 1, 1, 6, 'TPs bureautique', 'TPs bureautique', 20, 1024, 'Dynamiquement alloue');
Insert into VM (IDVM, IDPLATEFORME, IDDEMANDEUR, IDDEPARTEMENT, IDOS, NOMVM, DESCRIPTION, TAILLEDD, MEMOIRERAM, TYPESTOCKAGE) values (53, 1, 3, 6, 6, 'TPs bureautique', 'TPs bureautique', 20, 1024, 'Dynamiquement alloue');
Insert into VM (IDVM, IDPLATEFORME, IDDEMANDEUR, IDDEPARTEMENT, IDOS, NOMVM, DESCRIPTION, TAILLEDD, MEMOIRERAM, TYPESTOCKAGE) values (54, 2, 22, 3, 6, 'TPs bureautique', 'TPs bureautique', 20, 1024, 'Dynamiquement alloue');
Insert into VM (IDVM, IDPLATEFORME, IDDEMANDEUR, IDDEPARTEMENT, IDOS, NOMVM, DESCRIPTION, TAILLEDD, MEMOIRERAM, TYPESTOCKAGE) values (55, 1, 4, 1, 32, 'Java 7', 'TP Prog', 50, 2048, 'Taille fixe');
Insert into VM (IDVM, IDPLATEFORME, IDDEMANDEUR, IDDEPARTEMENT, IDOS, NOMVM, DESCRIPTION, TAILLEDD, MEMOIRERAM, TYPESTOCKAGE) values (56, 1, 4, 1, 32, 'Java 8', 'TP Prog', 20, 2048, 'Dynamiquement alloue');
Insert into VM (IDVM, IDPLATEFORME, IDDEMANDEUR, IDDEPARTEMENT, IDOS, NOMVM, DESCRIPTION, TAILLEDD, MEMOIRERAM, TYPESTOCKAGE) values (57, 1, 12, 5, 14, 'CAO', 'CAO', 40, 4096, 'Dynamiquement alloue');
Insert into VM (IDVM, IDPLATEFORME, IDDEMANDEUR, IDDEPARTEMENT, IDOS, NOMVM, DESCRIPTION, TAILLEDD, MEMOIRERAM, TYPESTOCKAGE) values (58, 2, 44, 1, 14, 'TP BI', 'Business Intelligence', 80, 4096, 'Dynamiquement alloue');
Insert into VM (IDVM, IDPLATEFORME, IDDEMANDEUR, IDDEPARTEMENT, IDOS, NOMVM, DESCRIPTION, TAILLEDD, MEMOIRERAM, TYPESTOCKAGE) values (59, 1, 50, 4, 14, 'Gestion de projet', 'Gestion de projet', 80, 2048, 'Dynamiquement alloue');
Insert into VM (IDVM, IDPLATEFORME, IDDEMANDEUR, IDDEPARTEMENT, IDOS, NOMVM, DESCRIPTION, TAILLEDD, MEMOIRERAM, TYPESTOCKAGE) values (60, 2, 50, 4, 15, 'Gestion de projet', 'Gestion de projet', 80, 2048, 'Dynamiquement alloue');

Insert into VERSIONVM (IDVM, NUMVERSION, DATEVERSION) values (1,  1, CURRENT_DATE-365*3);
Insert into VERSIONVM (IDVM, NUMVERSION, DATEVERSION) values (2,  1, CURRENT_DATE-365*2-364);
Insert into VERSIONVM (IDVM, NUMVERSION, DATEVERSION) values (3,  1, CURRENT_DATE-365*2-363);
Insert into VERSIONVM (IDVM, NUMVERSION, DATEVERSION) values (4,  1, CURRENT_DATE-365*2-362);
Insert into VERSIONVM (IDVM, NUMVERSION, DATEVERSION) values (5,  1, CURRENT_DATE-365*2-361);
Insert into VERSIONVM (IDVM, NUMVERSION, DATEVERSION) values (6,  1, CURRENT_DATE-365*2-360);
Insert into VERSIONVM (IDVM, NUMVERSION, DATEVERSION) values (7,  1, CURRENT_DATE-365*2-359);
Insert into VERSIONVM (IDVM, NUMVERSION, DATEVERSION) values (8,  1, CURRENT_DATE-365*2-358);
Insert into VERSIONVM (IDVM, NUMVERSION, DATEVERSION) values (9,  1, CURRENT_DATE-365*2-357);
Insert into VERSIONVM (IDVM, NUMVERSION, DATEVERSION) values (10,  1, CURRENT_DATE-365*2-356);
Insert into VERSIONVM (IDVM, NUMVERSION, DATEVERSION) values (11,  1, CURRENT_DATE-365*2-355);
Insert into VERSIONVM (IDVM, NUMVERSION, DATEVERSION) values (12,  1, CURRENT_DATE-365*2-354);
Insert into VERSIONVM (IDVM, NUMVERSION, DATEVERSION) values (13,  1, CURRENT_DATE-365*2-353);
Insert into VERSIONVM (IDVM, NUMVERSION, DATEVERSION) values (14,  1, CURRENT_DATE-365*2-352);
Insert into VERSIONVM (IDVM, NUMVERSION, DATEVERSION) values (15,  1, CURRENT_DATE-365*2-330);
Insert into VERSIONVM (IDVM, NUMVERSION, DATEVERSION) values (16,  1, CURRENT_DATE-365*2-329);
Insert into VERSIONVM (IDVM, NUMVERSION, DATEVERSION) values (17,  1, CURRENT_DATE-365*2-328);
Insert into VERSIONVM (IDVM, NUMVERSION, DATEVERSION) values (18,  1, CURRENT_DATE-365*2-327);
Insert into VERSIONVM (IDVM, NUMVERSION, DATEVERSION) values (19,  1, CURRENT_DATE-365*2-327);
Insert into VERSIONVM (IDVM, NUMVERSION, DATEVERSION) values (15,  2, CURRENT_DATE-365-200);
Insert into VERSIONVM (IDVM, NUMVERSION, DATEVERSION) values (18,  2, CURRENT_DATE-365-199);
Insert into VERSIONVM (IDVM, NUMVERSION, DATEVERSION) values (19,  2, CURRENT_DATE-365-198);
Insert into VERSIONVM (IDVM, NUMVERSION, DATEVERSION) values (20,  1, CURRENT_DATE-365-200);
Insert into VERSIONVM (IDVM, NUMVERSION, DATEVERSION) values (21,  1, to_date( '01/09/2014', 'DD/MM/YYYY'));
Insert into VERSIONVM (IDVM, NUMVERSION, DATEVERSION) values (21,  2, to_date( '10/10/2014', 'DD/MM/YYYY'));
Insert into VERSIONVM (IDVM, NUMVERSION, DATEVERSION) values (21,  3, to_date( '20/01/2015', 'DD/MM/YYYY'));
Insert into VERSIONVM (IDVM, NUMVERSION, DATEVERSION) values (22,  1, to_date( '01/09/2015', 'DD/MM/YYYY'));
Insert into VERSIONVM (IDVM, NUMVERSION, DATEVERSION) values (23,  1, to_date( '01/09/2015', 'DD/MM/YYYY'));
Insert into VERSIONVM (IDVM, NUMVERSION, DATEVERSION) values (24,  1, DEFAULT);
Insert into VERSIONVM (IDVM, NUMVERSION, DATEVERSION) values (25,  1, to_date( '11/09/2014', 'DD/MM/YYYY'));
Insert into VERSIONVM (IDVM, NUMVERSION, DATEVERSION) values (26,  1, to_date( '12/09/2014', 'DD/MM/YYYY'));
Insert into VERSIONVM (IDVM, NUMVERSION, DATEVERSION) values (27,  1, to_date( '13/09/2014', 'DD/MM/YYYY'));
Insert into VERSIONVM (IDVM, NUMVERSION, DATEVERSION) values (28,  1, to_date( '14/09/2014', 'DD/MM/YYYY'));
Insert into VERSIONVM (IDVM, NUMVERSION, DATEVERSION) values (29,  1, to_date( '15/09/2014', 'DD/MM/YYYY'));
Insert into VERSIONVM (IDVM, NUMVERSION, DATEVERSION) values (30,  1, to_date( '16/09/2014', 'DD/MM/YYYY'));
Insert into VERSIONVM (IDVM, NUMVERSION, DATEVERSION) values (31,  1, to_date( '17/09/2014', 'DD/MM/YYYY'));
Insert into VERSIONVM (IDVM, NUMVERSION, DATEVERSION) values (32,  1, to_date( '18/09/2014', 'DD/MM/YYYY'));
Insert into VERSIONVM (IDVM, NUMVERSION, DATEVERSION) values (33,  1, to_date( '19/09/2014', 'DD/MM/YYYY'));
Insert into VERSIONVM (IDVM, NUMVERSION, DATEVERSION) values (34,  1, to_date( '20/09/2014', 'DD/MM/YYYY'));
Insert into VERSIONVM (IDVM, NUMVERSION, DATEVERSION) values (35,  1, to_date( '21/09/2014', 'DD/MM/YYYY'));
Insert into VERSIONVM (IDVM, NUMVERSION, DATEVERSION) values (36,  1, to_date( '10/09/2014', 'DD/MM/YYYY'));
Insert into VERSIONVM (IDVM, NUMVERSION, DATEVERSION) values (37,  1, to_date( '11/09/2014', 'DD/MM/YYYY'));
Insert into VERSIONVM (IDVM, NUMVERSION, DATEVERSION) values (38,  1, to_date( '12/09/2014', 'DD/MM/YYYY'));
Insert into VERSIONVM (IDVM, NUMVERSION, DATEVERSION) values (39,  1, to_date( '13/09/2014', 'DD/MM/YYYY'));
Insert into VERSIONVM (IDVM, NUMVERSION, DATEVERSION) values (40,  1, to_date( '14/09/2014', 'DD/MM/YYYY'));
Insert into VERSIONVM (IDVM, NUMVERSION, DATEVERSION) values (41,  1, to_date( '15/09/2014', 'DD/MM/YYYY'));
Insert into VERSIONVM (IDVM, NUMVERSION, DATEVERSION) values (42,  1, to_date( '16/09/2014', 'DD/MM/YYYY'));
Insert into VERSIONVM (IDVM, NUMVERSION, DATEVERSION) values (43,  1, to_date( '17/09/2014', 'DD/MM/YYYY'));
Insert into VERSIONVM (IDVM, NUMVERSION, DATEVERSION) values (44,  1, to_date( '18/09/2014', 'DD/MM/YYYY'));
Insert into VERSIONVM (IDVM, NUMVERSION, DATEVERSION) values (45,  1, to_date( '19/09/2014', 'DD/MM/YYYY'));
Insert into VERSIONVM (IDVM, NUMVERSION, DATEVERSION) values (46,  1, to_date( '20/09/2014', 'DD/MM/YYYY'));
Insert into VERSIONVM (IDVM, NUMVERSION, DATEVERSION) values (47,  1, to_date( '21/09/2014', 'DD/MM/YYYY'));
Insert into VERSIONVM (IDVM, NUMVERSION, DATEVERSION) values (48,  1, to_date( '10/01/2014', 'DD/MM/YYYY'));
Insert into VERSIONVM (IDVM, NUMVERSION, DATEVERSION) values (49,  1, to_date( '10/06/2014', 'DD/MM/YYYY'));
Insert into VERSIONVM (IDVM, NUMVERSION, DATEVERSION) values (50,  1, to_date( '20/01/2015', 'DD/MM/YYYY'));
Insert into VERSIONVM (IDVM, NUMVERSION, DATEVERSION) values (51,  1, to_date( '01/09/2015', 'DD/MM/YYYY'));
Insert into VERSIONVM (IDVM, NUMVERSION, DATEVERSION) values (52,  1, to_date( '01/09/2015', 'DD/MM/YYYY'));
Insert into VERSIONVM (IDVM, NUMVERSION, DATEVERSION) values (53,  1, to_date( '01/09/2015', 'DD/MM/YYYY'));
Insert into VERSIONVM (IDVM, NUMVERSION, DATEVERSION) values (54,  1, to_date( '01/09/2015', 'DD/MM/YYYY'));
Insert into VERSIONVM (IDVM, NUMVERSION, DATEVERSION) values (55,  1, to_date( '01/09/2014', 'DD/MM/YYYY'));
Insert into VERSIONVM (IDVM, NUMVERSION, DATEVERSION) values (56,  1, to_date( '01/09/2015', 'DD/MM/YYYY'));
Insert into VERSIONVM (IDVM, NUMVERSION, DATEVERSION) values (57,  1, to_date( '10/09/2013', 'DD/MM/YYYY'));
Insert into VERSIONVM (IDVM, NUMVERSION, DATEVERSION) values (57,  2, to_date( '30/08/2014', 'DD/MM/YYYY'));
Insert into VERSIONVM (IDVM, NUMVERSION, DATEVERSION) values (57,  3, DEFAULT);
Insert into VERSIONVM (IDVM, NUMVERSION, DATEVERSION) values (58,  1, to_date( '30/08/2015', 'DD/MM/YYYY'));
Insert into VERSIONVM (IDVM, NUMVERSION, DATEVERSION) values (59,  1, to_date( '10/10/2013', 'DD/MM/YYYY'));
Insert into VERSIONVM (IDVM, NUMVERSION, DATEVERSION) values (59,  2, to_date( '06/04/2014', 'DD/MM/YYYY'));
Insert into VERSIONVM (IDVM, NUMVERSION, DATEVERSION) values (60,  1, to_date( '05/09/2015', 'DD/MM/YYYY'));

Insert into LOGICIEL (IDLOGICIEL, NOMLOGICIEL) values (1, 'Microsoft Office 2010');
Insert into LOGICIEL (IDLOGICIEL, NOMLOGICIEL) values (2, 'Microsoft Office 2013');
Insert into LOGICIEL (IDLOGICIEL, NOMLOGICIEL) values (3, 'Microsoft Office 2011');
Insert into LOGICIEL (IDLOGICIEL, NOMLOGICIEL) values (4, 'Microsoft Office 2016');
Insert into LOGICIEL (IDLOGICIEL, NOMLOGICIEL) values (5, 'Microsoft Office 365');
Insert into LOGICIEL (IDLOGICIEL, NOMLOGICIEL) values (6, 'LibreOffice 5');
Insert into LOGICIEL (IDLOGICIEL, NOMLOGICIEL) values (7, 'OpenOffice 5');
Insert into LOGICIEL (IDLOGICIEL, NOMLOGICIEL) values (8, 'Notepad++');
Insert into LOGICIEL (IDLOGICIEL, NOMLOGICIEL) values (9, 'Microsoft Visual Studio 2013');
Insert into LOGICIEL (IDLOGICIEL, NOMLOGICIEL) values (10, 'Microsoft Visual Studio 2015');
Insert into LOGICIEL (IDLOGICIEL, NOMLOGICIEL) values (11, 'Microsoft Visual Studio 2017');
Insert into LOGICIEL (IDLOGICIEL, NOMLOGICIEL) values (12, 'Oracle Database Client 10g');
Insert into LOGICIEL (IDLOGICIEL, NOMLOGICIEL) values (13, 'Oracle Database Client 11g');
Insert into LOGICIEL (IDLOGICIEL, NOMLOGICIEL) values (14, 'Oracle Database 10g');
Insert into LOGICIEL (IDLOGICIEL, NOMLOGICIEL) values (15, 'Oracle Database 11g');
Insert into LOGICIEL (IDLOGICIEL, NOMLOGICIEL) values (16, 'Microsoft SQLServer 2010');
Insert into LOGICIEL (IDLOGICIEL, NOMLOGICIEL) values (17, 'Microsoft SQLServer 2012');
Insert into LOGICIEL (IDLOGICIEL, NOMLOGICIEL) values (18, 'Microsoft SQLServer 2014');
Insert into LOGICIEL (IDLOGICIEL, NOMLOGICIEL) values (19, 'Microsoft SQLServer 2016');
Insert into LOGICIEL (IDLOGICIEL, NOMLOGICIEL) values (20, 'Client Microsoft SQLServer 2010');
Insert into LOGICIEL (IDLOGICIEL, NOMLOGICIEL) values (21, 'Client Microsoft SQLServer 2012');
Insert into LOGICIEL (IDLOGICIEL, NOMLOGICIEL) values (22, 'Client Microsoft SQLServer 2014');
Insert into LOGICIEL (IDLOGICIEL, NOMLOGICIEL) values (23, 'Client Microsoft SQLServer 2016');
Insert into LOGICIEL (IDLOGICIEL, NOMLOGICIEL) values (24, 'PostgreSQL 9');
Insert into LOGICIEL (IDLOGICIEL, NOMLOGICIEL) values (25, 'PostgreSQL 10');
Insert into LOGICIEL (IDLOGICIEL, NOMLOGICIEL) values (26, 'MySQL 5');
Insert into LOGICIEL (IDLOGICIEL, NOMLOGICIEL) values (27, 'Odoo 8');
Insert into LOGICIEL (IDLOGICIEL, NOMLOGICIEL) values (28, 'Odoo 10');
Insert into LOGICIEL (IDLOGICIEL, NOMLOGICIEL) values (29, 'PowerAMC15');
Insert into LOGICIEL (IDLOGICIEL, NOMLOGICIEL) values (30, 'PowerAMC16');
Insert into LOGICIEL (IDLOGICIEL, NOMLOGICIEL) values (31, 'BonitaBPM 6');
Insert into LOGICIEL (IDLOGICIEL, NOMLOGICIEL) values (32, 'BonitaBPM 7');
Insert into LOGICIEL (IDLOGICIEL, NOMLOGICIEL) values (33, 'Microsoft Project 2012');
Insert into LOGICIEL (IDLOGICIEL, NOMLOGICIEL) values (34, 'Microsoft Project 2013');
Insert into LOGICIEL (IDLOGICIEL, NOMLOGICIEL) values (35, 'Microsoft Project 2016');
Insert into LOGICIEL (IDLOGICIEL, NOMLOGICIEL) values (36, 'Microsoft Visio 2010');
Insert into LOGICIEL (IDLOGICIEL, NOMLOGICIEL) values (37, 'Microsoft Visio 2013');
Insert into LOGICIEL (IDLOGICIEL, NOMLOGICIEL) values (38, 'Microsoft Visio 2016');
Insert into LOGICIEL (IDLOGICIEL, NOMLOGICIEL) values (39, 'PentahoBI 5');
Insert into LOGICIEL (IDLOGICIEL, NOMLOGICIEL) values (40, 'PentahoBI 6');
Insert into LOGICIEL (IDLOGICIEL, NOMLOGICIEL) values (41, 'Windev 19');
Insert into LOGICIEL (IDLOGICIEL, NOMLOGICIEL) values (42, 'Windev 22');
Insert into LOGICIEL (IDLOGICIEL, NOMLOGICIEL) values (43, 'Webdev 19');
Insert into LOGICIEL (IDLOGICIEL, NOMLOGICIEL) values (44, 'Webdev 22');
Insert into LOGICIEL (IDLOGICIEL, NOMLOGICIEL) values (45, 'Matlab R2012');
Insert into LOGICIEL (IDLOGICIEL, NOMLOGICIEL) values (46, 'Matlab R2015');
Insert into LOGICIEL (IDLOGICIEL, NOMLOGICIEL) values (47, 'Matlab R2016');
Insert into LOGICIEL (IDLOGICIEL, NOMLOGICIEL) values (48, 'Eclipse Juno 4.2');
Insert into LOGICIEL (IDLOGICIEL, NOMLOGICIEL) values (49, 'Eclipse Kepler 4.3');
Insert into LOGICIEL (IDLOGICIEL, NOMLOGICIEL) values (50, 'Eclipse Luna 4.4');
Insert into LOGICIEL (IDLOGICIEL, NOMLOGICIEL) values (51, 'Eclipse Oxygen 4.7');
Insert into LOGICIEL (IDLOGICIEL, NOMLOGICIEL) values (52, 'NetBeans java SE 7.0');
Insert into LOGICIEL (IDLOGICIEL, NOMLOGICIEL) values (53, 'NetBeans java SE 8.0');
Insert into LOGICIEL (IDLOGICIEL, NOMLOGICIEL) values (54, 'Wireframesketcher 3');
Insert into LOGICIEL (IDLOGICIEL, NOMLOGICIEL) values (55, 'Wireframesketcher 4');
Insert into LOGICIEL (IDLOGICIEL, NOMLOGICIEL) values (56, 'Autocad 2014');
Insert into LOGICIEL (IDLOGICIEL, NOMLOGICIEL) values (57, 'Autocad 2015');
Insert into LOGICIEL (IDLOGICIEL, NOMLOGICIEL) values (58, 'Autocad 2016');

Insert into COMPATIBILITE (IDLOGICIEL, IDOS) values (1, 1);
Insert into COMPATIBILITE (IDLOGICIEL, IDOS) values (1, 2);
Insert into COMPATIBILITE (IDLOGICIEL, IDOS) values (1, 3);
Insert into COMPATIBILITE (IDLOGICIEL, IDOS) values (1, 4);
Insert into COMPATIBILITE (IDLOGICIEL, IDOS) values (1, 5);
Insert into COMPATIBILITE (IDLOGICIEL, IDOS) values (1, 6);
Insert into COMPATIBILITE (IDLOGICIEL, IDOS) values (1, 7);
Insert into COMPATIBILITE (IDLOGICIEL, IDOS) values (1, 8);
Insert into COMPATIBILITE (IDLOGICIEL, IDOS) values (1, 9);
Insert into COMPATIBILITE (IDLOGICIEL, IDOS) values (1, 10);
Insert into COMPATIBILITE (IDLOGICIEL, IDOS) values (1, 11);
Insert into COMPATIBILITE (IDLOGICIEL, IDOS) values (1, 12);
Insert into COMPATIBILITE (IDLOGICIEL, IDOS) values (1, 13);
Insert into COMPATIBILITE (IDLOGICIEL, IDOS) values (1, 14);
Insert into COMPATIBILITE (IDLOGICIEL, IDOS) values (1, 15);
Insert into COMPATIBILITE (IDLOGICIEL, IDOS) values (1, 16);
Insert into COMPATIBILITE (IDLOGICIEL, IDOS) values (1, 17);
Insert into COMPATIBILITE (IDLOGICIEL, IDOS) values (1, 18);
Insert into COMPATIBILITE (IDLOGICIEL, IDOS) values (1, 19);
Insert into COMPATIBILITE (IDLOGICIEL, IDOS) values (1, 20);
Insert into COMPATIBILITE (IDLOGICIEL, IDOS) values (2, 1);
Insert into COMPATIBILITE (IDLOGICIEL, IDOS) values (2, 2);
Insert into COMPATIBILITE (IDLOGICIEL, IDOS) values (2, 3);
Insert into COMPATIBILITE (IDLOGICIEL, IDOS) values (2, 4);
Insert into COMPATIBILITE (IDLOGICIEL, IDOS) values (2, 5);
Insert into COMPATIBILITE (IDLOGICIEL, IDOS) values (2, 6);
Insert into COMPATIBILITE (IDLOGICIEL, IDOS) values (2, 7);
Insert into COMPATIBILITE (IDLOGICIEL, IDOS) values (2, 8);
Insert into COMPATIBILITE (IDLOGICIEL, IDOS) values (2, 9);
Insert into COMPATIBILITE (IDLOGICIEL, IDOS) values (2, 10);
Insert into COMPATIBILITE (IDLOGICIEL, IDOS) values (2, 11);
Insert into COMPATIBILITE (IDLOGICIEL, IDOS) values (2, 12);
Insert into COMPATIBILITE (IDLOGICIEL, IDOS) values (2, 13);
Insert into COMPATIBILITE (IDLOGICIEL, IDOS) values (2, 14);
Insert into COMPATIBILITE (IDLOGICIEL, IDOS) values (2, 15);
Insert into COMPATIBILITE (IDLOGICIEL, IDOS) values (2, 16);
Insert into COMPATIBILITE (IDLOGICIEL, IDOS) values (2, 17);
Insert into COMPATIBILITE (IDLOGICIEL, IDOS) values (2, 18);
Insert into COMPATIBILITE (IDLOGICIEL, IDOS) values (2, 19);
Insert into COMPATIBILITE (IDLOGICIEL, IDOS) values (2, 20);
Insert into COMPATIBILITE (IDLOGICIEL, IDOS) values (3, 46);
Insert into COMPATIBILITE (IDLOGICIEL, IDOS) values (3, 47);
Insert into COMPATIBILITE (IDLOGICIEL, IDOS) values (3, 48);
Insert into COMPATIBILITE (IDLOGICIEL, IDOS) values (3, 49);
Insert into COMPATIBILITE (IDLOGICIEL, IDOS) values (3, 50);
Insert into COMPATIBILITE (IDLOGICIEL, IDOS) values (3, 51);
Insert into COMPATIBILITE (IDLOGICIEL, IDOS) values (3, 52);
Insert into COMPATIBILITE (IDLOGICIEL, IDOS) values (4, 1);
Insert into COMPATIBILITE (IDLOGICIEL, IDOS) values (4, 2);
Insert into COMPATIBILITE (IDLOGICIEL, IDOS) values (4, 3);
Insert into COMPATIBILITE (IDLOGICIEL, IDOS) values (4, 4);
Insert into COMPATIBILITE (IDLOGICIEL, IDOS) values (4, 5);
Insert into COMPATIBILITE (IDLOGICIEL, IDOS) values (4, 6);
Insert into COMPATIBILITE (IDLOGICIEL, IDOS) values (4, 7);
Insert into COMPATIBILITE (IDLOGICIEL, IDOS) values (4, 8);
Insert into COMPATIBILITE (IDLOGICIEL, IDOS) values (4, 9);
Insert into COMPATIBILITE (IDLOGICIEL, IDOS) values (4, 10);
Insert into COMPATIBILITE (IDLOGICIEL, IDOS) values (4, 11);
Insert into COMPATIBILITE (IDLOGICIEL, IDOS) values (4, 12);
Insert into COMPATIBILITE (IDLOGICIEL, IDOS) values (4, 13);
Insert into COMPATIBILITE (IDLOGICIEL, IDOS) values (4, 14);
Insert into COMPATIBILITE (IDLOGICIEL, IDOS) values (4, 15);
Insert into COMPATIBILITE (IDLOGICIEL, IDOS) values (4, 16);
Insert into COMPATIBILITE (IDLOGICIEL, IDOS) values (4, 17);
Insert into COMPATIBILITE (IDLOGICIEL, IDOS) values (4, 18);
Insert into COMPATIBILITE (IDLOGICIEL, IDOS) values (4, 19);
Insert into COMPATIBILITE (IDLOGICIEL, IDOS) values (4, 20);
Insert into COMPATIBILITE (IDLOGICIEL, IDOS) values (5, 1);
Insert into COMPATIBILITE (IDLOGICIEL, IDOS) values (5, 2);
Insert into COMPATIBILITE (IDLOGICIEL, IDOS) values (5, 3);
Insert into COMPATIBILITE (IDLOGICIEL, IDOS) values (5, 4);
Insert into COMPATIBILITE (IDLOGICIEL, IDOS) values (5, 5);
Insert into COMPATIBILITE (IDLOGICIEL, IDOS) values (5, 6);
Insert into COMPATIBILITE (IDLOGICIEL, IDOS) values (5, 7);
Insert into COMPATIBILITE (IDLOGICIEL, IDOS) values (5, 8);
Insert into COMPATIBILITE (IDLOGICIEL, IDOS) values (5, 9);
Insert into COMPATIBILITE (IDLOGICIEL, IDOS) values (5, 10);
Insert into COMPATIBILITE (IDLOGICIEL, IDOS) values (5, 11);
Insert into COMPATIBILITE (IDLOGICIEL, IDOS) values (5, 12);
Insert into COMPATIBILITE (IDLOGICIEL, IDOS) values (5, 13);
Insert into COMPATIBILITE (IDLOGICIEL, IDOS) values (5, 14);
Insert into COMPATIBILITE (IDLOGICIEL, IDOS) values (5, 15);
Insert into COMPATIBILITE (IDLOGICIEL, IDOS) values (5, 16);
Insert into COMPATIBILITE (IDLOGICIEL, IDOS) values (5, 17);
Insert into COMPATIBILITE (IDLOGICIEL, IDOS) values (5, 18);
Insert into COMPATIBILITE (IDLOGICIEL, IDOS) values (5, 19);
Insert into COMPATIBILITE (IDLOGICIEL, IDOS) values (5, 20);
Insert into COMPATIBILITE (IDLOGICIEL, IDOS) values (5, 46);
Insert into COMPATIBILITE (IDLOGICIEL, IDOS) values (5, 47);
Insert into COMPATIBILITE (IDLOGICIEL, IDOS) values (5, 48);
Insert into COMPATIBILITE (IDLOGICIEL, IDOS) values (5, 49);
Insert into COMPATIBILITE (IDLOGICIEL, IDOS) values (5, 50);
Insert into COMPATIBILITE (IDLOGICIEL, IDOS) values (5, 51);
Insert into COMPATIBILITE (IDLOGICIEL, IDOS) values (5, 52);
Insert into COMPATIBILITE (IDLOGICIEL, IDOS) values (6, 1);
Insert into COMPATIBILITE (IDLOGICIEL, IDOS) values (6, 2);
Insert into COMPATIBILITE (IDLOGICIEL, IDOS) values (6, 3);
Insert into COMPATIBILITE (IDLOGICIEL, IDOS) values (6, 4);
Insert into COMPATIBILITE (IDLOGICIEL, IDOS) values (6, 5);
Insert into COMPATIBILITE (IDLOGICIEL, IDOS) values (6, 6);
Insert into COMPATIBILITE (IDLOGICIEL, IDOS) values (6, 7);
Insert into COMPATIBILITE (IDLOGICIEL, IDOS) values (6, 8);
Insert into COMPATIBILITE (IDLOGICIEL, IDOS) values (6, 9);
Insert into COMPATIBILITE (IDLOGICIEL, IDOS) values (6, 10);
Insert into COMPATIBILITE (IDLOGICIEL, IDOS) values (6, 11);
Insert into COMPATIBILITE (IDLOGICIEL, IDOS) values (6, 12);
Insert into COMPATIBILITE (IDLOGICIEL, IDOS) values (6, 13);
Insert into COMPATIBILITE (IDLOGICIEL, IDOS) values (6, 14);
Insert into COMPATIBILITE (IDLOGICIEL, IDOS) values (6, 15);
Insert into COMPATIBILITE (IDLOGICIEL, IDOS) values (6, 16);
Insert into COMPATIBILITE (IDLOGICIEL, IDOS) values (6, 17);
Insert into COMPATIBILITE (IDLOGICIEL, IDOS) values (6, 18);
Insert into COMPATIBILITE (IDLOGICIEL, IDOS) values (6, 19);
Insert into COMPATIBILITE (IDLOGICIEL, IDOS) values (6, 20);
Insert into COMPATIBILITE (IDLOGICIEL, IDOS) values (6, 21);
Insert into COMPATIBILITE (IDLOGICIEL, IDOS) values (6, 22);
Insert into COMPATIBILITE (IDLOGICIEL, IDOS) values (6, 23);
Insert into COMPATIBILITE (IDLOGICIEL, IDOS) values (6, 24);
Insert into COMPATIBILITE (IDLOGICIEL, IDOS) values (6, 25);
Insert into COMPATIBILITE (IDLOGICIEL, IDOS) values (6, 26);
Insert into COMPATIBILITE (IDLOGICIEL, IDOS) values (6, 27);
Insert into COMPATIBILITE (IDLOGICIEL, IDOS) values (6, 28);
Insert into COMPATIBILITE (IDLOGICIEL, IDOS) values (6, 29);
Insert into COMPATIBILITE (IDLOGICIEL, IDOS) values (6, 30);
Insert into COMPATIBILITE (IDLOGICIEL, IDOS) values (6, 31);
Insert into COMPATIBILITE (IDLOGICIEL, IDOS) values (6, 32);
Insert into COMPATIBILITE (IDLOGICIEL, IDOS) values (6, 33);
Insert into COMPATIBILITE (IDLOGICIEL, IDOS) values (6, 34);
Insert into COMPATIBILITE (IDLOGICIEL, IDOS) values (6, 35);
Insert into COMPATIBILITE (IDLOGICIEL, IDOS) values (6, 36);
Insert into COMPATIBILITE (IDLOGICIEL, IDOS) values (6, 37);
Insert into COMPATIBILITE (IDLOGICIEL, IDOS) values (6, 38);
Insert into COMPATIBILITE (IDLOGICIEL, IDOS) values (6, 39);
Insert into COMPATIBILITE (IDLOGICIEL, IDOS) values (6, 40);
Insert into COMPATIBILITE (IDLOGICIEL, IDOS) values (6, 41);
Insert into COMPATIBILITE (IDLOGICIEL, IDOS) values (6, 42);
Insert into COMPATIBILITE (IDLOGICIEL, IDOS) values (6, 43);
Insert into COMPATIBILITE (IDLOGICIEL, IDOS) values (6, 44);
Insert into COMPATIBILITE (IDLOGICIEL, IDOS) values (6, 45);
Insert into COMPATIBILITE (IDLOGICIEL, IDOS) values (6, 46);
Insert into COMPATIBILITE (IDLOGICIEL, IDOS) values (6, 47);
Insert into COMPATIBILITE (IDLOGICIEL, IDOS) values (6, 48);
Insert into COMPATIBILITE (IDLOGICIEL, IDOS) values (6, 49);
Insert into COMPATIBILITE (IDLOGICIEL, IDOS) values (6, 50);
Insert into COMPATIBILITE (IDLOGICIEL, IDOS) values (6, 51);
Insert into COMPATIBILITE (IDLOGICIEL, IDOS) values (6, 52);
Insert into COMPATIBILITE (IDLOGICIEL, IDOS) values (6, 53);
Insert into COMPATIBILITE (IDLOGICIEL, IDOS) values (6, 54);
Insert into COMPATIBILITE (IDLOGICIEL, IDOS) values (7, 1);
Insert into COMPATIBILITE (IDLOGICIEL, IDOS) values (7, 2);
Insert into COMPATIBILITE (IDLOGICIEL, IDOS) values (7, 3);
Insert into COMPATIBILITE (IDLOGICIEL, IDOS) values (7, 4);
Insert into COMPATIBILITE (IDLOGICIEL, IDOS) values (7, 5);
Insert into COMPATIBILITE (IDLOGICIEL, IDOS) values (7, 6);
Insert into COMPATIBILITE (IDLOGICIEL, IDOS) values (7, 7);
Insert into COMPATIBILITE (IDLOGICIEL, IDOS) values (7, 8);
Insert into COMPATIBILITE (IDLOGICIEL, IDOS) values (7, 9);
Insert into COMPATIBILITE (IDLOGICIEL, IDOS) values (7, 10);
Insert into COMPATIBILITE (IDLOGICIEL, IDOS) values (7, 11);
Insert into COMPATIBILITE (IDLOGICIEL, IDOS) values (7, 12);
Insert into COMPATIBILITE (IDLOGICIEL, IDOS) values (7, 13);
Insert into COMPATIBILITE (IDLOGICIEL, IDOS) values (7, 14);
Insert into COMPATIBILITE (IDLOGICIEL, IDOS) values (7, 15);
Insert into COMPATIBILITE (IDLOGICIEL, IDOS) values (7, 16);
Insert into COMPATIBILITE (IDLOGICIEL, IDOS) values (7, 17);
Insert into COMPATIBILITE (IDLOGICIEL, IDOS) values (7, 18);
Insert into COMPATIBILITE (IDLOGICIEL, IDOS) values (7, 19);
Insert into COMPATIBILITE (IDLOGICIEL, IDOS) values (7, 20);
Insert into COMPATIBILITE (IDLOGICIEL, IDOS) values (7, 21);
Insert into COMPATIBILITE (IDLOGICIEL, IDOS) values (7, 22);
Insert into COMPATIBILITE (IDLOGICIEL, IDOS) values (7, 23);
Insert into COMPATIBILITE (IDLOGICIEL, IDOS) values (7, 24);
Insert into COMPATIBILITE (IDLOGICIEL, IDOS) values (7, 25);
Insert into COMPATIBILITE (IDLOGICIEL, IDOS) values (7, 26);
Insert into COMPATIBILITE (IDLOGICIEL, IDOS) values (7, 27);
Insert into COMPATIBILITE (IDLOGICIEL, IDOS) values (7, 28);
Insert into COMPATIBILITE (IDLOGICIEL, IDOS) values (7, 29);
Insert into COMPATIBILITE (IDLOGICIEL, IDOS) values (7, 30);
Insert into COMPATIBILITE (IDLOGICIEL, IDOS) values (7, 31);
Insert into COMPATIBILITE (IDLOGICIEL, IDOS) values (7, 32);
Insert into COMPATIBILITE (IDLOGICIEL, IDOS) values (7, 33);
Insert into COMPATIBILITE (IDLOGICIEL, IDOS) values (7, 34);
Insert into COMPATIBILITE (IDLOGICIEL, IDOS) values (7, 35);
Insert into COMPATIBILITE (IDLOGICIEL, IDOS) values (7, 36);
Insert into COMPATIBILITE (IDLOGICIEL, IDOS) values (7, 37);
Insert into COMPATIBILITE (IDLOGICIEL, IDOS) values (7, 38);
Insert into COMPATIBILITE (IDLOGICIEL, IDOS) values (7, 39);
Insert into COMPATIBILITE (IDLOGICIEL, IDOS) values (7, 40);
Insert into COMPATIBILITE (IDLOGICIEL, IDOS) values (7, 41);
Insert into COMPATIBILITE (IDLOGICIEL, IDOS) values (7, 42);
Insert into COMPATIBILITE (IDLOGICIEL, IDOS) values (7, 43);
Insert into COMPATIBILITE (IDLOGICIEL, IDOS) values (7, 44);
Insert into COMPATIBILITE (IDLOGICIEL, IDOS) values (7, 45);
Insert into COMPATIBILITE (IDLOGICIEL, IDOS) values (7, 46);
Insert into COMPATIBILITE (IDLOGICIEL, IDOS) values (7, 47);
Insert into COMPATIBILITE (IDLOGICIEL, IDOS) values (7, 48);
Insert into COMPATIBILITE (IDLOGICIEL, IDOS) values (7, 49);
Insert into COMPATIBILITE (IDLOGICIEL, IDOS) values (7, 50);
Insert into COMPATIBILITE (IDLOGICIEL, IDOS) values (7, 51);
Insert into COMPATIBILITE (IDLOGICIEL, IDOS) values (7, 52);
Insert into COMPATIBILITE (IDLOGICIEL, IDOS) values (7, 53);
Insert into COMPATIBILITE (IDLOGICIEL, IDOS) values (7, 54);
Insert into COMPATIBILITE (IDLOGICIEL, IDOS) values (8, 1);
Insert into COMPATIBILITE (IDLOGICIEL, IDOS) values (8, 2);
Insert into COMPATIBILITE (IDLOGICIEL, IDOS) values (8, 3);
Insert into COMPATIBILITE (IDLOGICIEL, IDOS) values (8, 4);
Insert into COMPATIBILITE (IDLOGICIEL, IDOS) values (8, 5);
Insert into COMPATIBILITE (IDLOGICIEL, IDOS) values (8, 6);
Insert into COMPATIBILITE (IDLOGICIEL, IDOS) values (8, 7);
Insert into COMPATIBILITE (IDLOGICIEL, IDOS) values (8, 8);
Insert into COMPATIBILITE (IDLOGICIEL, IDOS) values (8, 9);
Insert into COMPATIBILITE (IDLOGICIEL, IDOS) values (8, 10);
Insert into COMPATIBILITE (IDLOGICIEL, IDOS) values (8, 11);
Insert into COMPATIBILITE (IDLOGICIEL, IDOS) values (8, 12);
Insert into COMPATIBILITE (IDLOGICIEL, IDOS) values (8, 13);
Insert into COMPATIBILITE (IDLOGICIEL, IDOS) values (8, 14);
Insert into COMPATIBILITE (IDLOGICIEL, IDOS) values (8, 15);
Insert into COMPATIBILITE (IDLOGICIEL, IDOS) values (8, 16);
Insert into COMPATIBILITE (IDLOGICIEL, IDOS) values (8, 17);
Insert into COMPATIBILITE (IDLOGICIEL, IDOS) values (8, 18);
Insert into COMPATIBILITE (IDLOGICIEL, IDOS) values (8, 19);
Insert into COMPATIBILITE (IDLOGICIEL, IDOS) values (8, 20);
Insert into COMPATIBILITE (IDLOGICIEL, IDOS) values (9, 5);
Insert into COMPATIBILITE (IDLOGICIEL, IDOS) values (9, 6);
Insert into COMPATIBILITE (IDLOGICIEL, IDOS) values (9, 7);
Insert into COMPATIBILITE (IDLOGICIEL, IDOS) values (9, 8);
Insert into COMPATIBILITE (IDLOGICIEL, IDOS) values (9, 9);
Insert into COMPATIBILITE (IDLOGICIEL, IDOS) values (9, 10);
Insert into COMPATIBILITE (IDLOGICIEL, IDOS) values (9, 11);
Insert into COMPATIBILITE (IDLOGICIEL, IDOS) values (9, 12);
Insert into COMPATIBILITE (IDLOGICIEL, IDOS) values (9, 13);
Insert into COMPATIBILITE (IDLOGICIEL, IDOS) values (9, 14);
Insert into COMPATIBILITE (IDLOGICIEL, IDOS) values (9, 15);
Insert into COMPATIBILITE (IDLOGICIEL, IDOS) values (9, 16);
Insert into COMPATIBILITE (IDLOGICIEL, IDOS) values (9, 17);
Insert into COMPATIBILITE (IDLOGICIEL, IDOS) values (9, 18);
Insert into COMPATIBILITE (IDLOGICIEL, IDOS) values (9, 19);
Insert into COMPATIBILITE (IDLOGICIEL, IDOS) values (9, 20);
Insert into COMPATIBILITE (IDLOGICIEL, IDOS) values (10, 5);
Insert into COMPATIBILITE (IDLOGICIEL, IDOS) values (10, 6);
Insert into COMPATIBILITE (IDLOGICIEL, IDOS) values (10, 7);
Insert into COMPATIBILITE (IDLOGICIEL, IDOS) values (10, 8);
Insert into COMPATIBILITE (IDLOGICIEL, IDOS) values (10, 9);
Insert into COMPATIBILITE (IDLOGICIEL, IDOS) values (10, 10);
Insert into COMPATIBILITE (IDLOGICIEL, IDOS) values (10, 11);
Insert into COMPATIBILITE (IDLOGICIEL, IDOS) values (10, 12);
Insert into COMPATIBILITE (IDLOGICIEL, IDOS) values (10, 13);
Insert into COMPATIBILITE (IDLOGICIEL, IDOS) values (10, 14);
Insert into COMPATIBILITE (IDLOGICIEL, IDOS) values (10, 15);
Insert into COMPATIBILITE (IDLOGICIEL, IDOS) values (10, 16);
Insert into COMPATIBILITE (IDLOGICIEL, IDOS) values (10, 17);
Insert into COMPATIBILITE (IDLOGICIEL, IDOS) values (10, 18);
Insert into COMPATIBILITE (IDLOGICIEL, IDOS) values (10, 19);
Insert into COMPATIBILITE (IDLOGICIEL, IDOS) values (10, 20);
Insert into COMPATIBILITE (IDLOGICIEL, IDOS) values (11, 5);
Insert into COMPATIBILITE (IDLOGICIEL, IDOS) values (11, 6);
Insert into COMPATIBILITE (IDLOGICIEL, IDOS) values (11, 7);
Insert into COMPATIBILITE (IDLOGICIEL, IDOS) values (11, 8);
Insert into COMPATIBILITE (IDLOGICIEL, IDOS) values (11, 9);
Insert into COMPATIBILITE (IDLOGICIEL, IDOS) values (11, 10);
Insert into COMPATIBILITE (IDLOGICIEL, IDOS) values (11, 11);
Insert into COMPATIBILITE (IDLOGICIEL, IDOS) values (11, 12);
Insert into COMPATIBILITE (IDLOGICIEL, IDOS) values (11, 13);
Insert into COMPATIBILITE (IDLOGICIEL, IDOS) values (11, 14);
Insert into COMPATIBILITE (IDLOGICIEL, IDOS) values (11, 15);
Insert into COMPATIBILITE (IDLOGICIEL, IDOS) values (11, 16);
Insert into COMPATIBILITE (IDLOGICIEL, IDOS) values (11, 17);
Insert into COMPATIBILITE (IDLOGICIEL, IDOS) values (11, 18);
Insert into COMPATIBILITE (IDLOGICIEL, IDOS) values (11, 19);
Insert into COMPATIBILITE (IDLOGICIEL, IDOS) values (11, 20);
Insert into COMPATIBILITE (IDLOGICIEL, IDOS) values (12, 1);
Insert into COMPATIBILITE (IDLOGICIEL, IDOS) values (12, 2);
Insert into COMPATIBILITE (IDLOGICIEL, IDOS) values (12, 3);
Insert into COMPATIBILITE (IDLOGICIEL, IDOS) values (12, 6);
Insert into COMPATIBILITE (IDLOGICIEL, IDOS) values (12, 7);
Insert into COMPATIBILITE (IDLOGICIEL, IDOS) values (12, 8);
Insert into COMPATIBILITE (IDLOGICIEL, IDOS) values (12, 9);
Insert into COMPATIBILITE (IDLOGICIEL, IDOS) values (12, 10);
Insert into COMPATIBILITE (IDLOGICIEL, IDOS) values (12, 11);
Insert into COMPATIBILITE (IDLOGICIEL, IDOS) values (12, 12);
Insert into COMPATIBILITE (IDLOGICIEL, IDOS) values (12, 13);
Insert into COMPATIBILITE (IDLOGICIEL, IDOS) values (12, 14);
Insert into COMPATIBILITE (IDLOGICIEL, IDOS) values (12, 15);
Insert into COMPATIBILITE (IDLOGICIEL, IDOS) values (12, 16);
Insert into COMPATIBILITE (IDLOGICIEL, IDOS) values (12, 17);
Insert into COMPATIBILITE (IDLOGICIEL, IDOS) values (12, 18);
Insert into COMPATIBILITE (IDLOGICIEL, IDOS) values (12, 19);
Insert into COMPATIBILITE (IDLOGICIEL, IDOS) values (12, 20);
Insert into COMPATIBILITE (IDLOGICIEL, IDOS) values (12, 21);
Insert into COMPATIBILITE (IDLOGICIEL, IDOS) values (12, 22);
Insert into COMPATIBILITE (IDLOGICIEL, IDOS) values (12, 23);
Insert into COMPATIBILITE (IDLOGICIEL, IDOS) values (12, 24);
Insert into COMPATIBILITE (IDLOGICIEL, IDOS) values (12, 25);
Insert into COMPATIBILITE (IDLOGICIEL, IDOS) values (12, 26);
Insert into COMPATIBILITE (IDLOGICIEL, IDOS) values (12, 27);
Insert into COMPATIBILITE (IDLOGICIEL, IDOS) values (12, 28);
Insert into COMPATIBILITE (IDLOGICIEL, IDOS) values (12, 29);
Insert into COMPATIBILITE (IDLOGICIEL, IDOS) values (12, 30);
Insert into COMPATIBILITE (IDLOGICIEL, IDOS) values (12, 31);
Insert into COMPATIBILITE (IDLOGICIEL, IDOS) values (12, 32);
Insert into COMPATIBILITE (IDLOGICIEL, IDOS) values (12, 33);
Insert into COMPATIBILITE (IDLOGICIEL, IDOS) values (12, 34);
Insert into COMPATIBILITE (IDLOGICIEL, IDOS) values (12, 35);
Insert into COMPATIBILITE (IDLOGICIEL, IDOS) values (12, 36);
Insert into COMPATIBILITE (IDLOGICIEL, IDOS) values (13, 1);
Insert into COMPATIBILITE (IDLOGICIEL, IDOS) values (13, 2);
Insert into COMPATIBILITE (IDLOGICIEL, IDOS) values (13, 3);
Insert into COMPATIBILITE (IDLOGICIEL, IDOS) values (13, 6);
Insert into COMPATIBILITE (IDLOGICIEL, IDOS) values (13, 7);
Insert into COMPATIBILITE (IDLOGICIEL, IDOS) values (13, 8);
Insert into COMPATIBILITE (IDLOGICIEL, IDOS) values (13, 9);
Insert into COMPATIBILITE (IDLOGICIEL, IDOS) values (13, 10);
Insert into COMPATIBILITE (IDLOGICIEL, IDOS) values (13, 11);
Insert into COMPATIBILITE (IDLOGICIEL, IDOS) values (13, 12);
Insert into COMPATIBILITE (IDLOGICIEL, IDOS) values (13, 13);
Insert into COMPATIBILITE (IDLOGICIEL, IDOS) values (13, 14);
Insert into COMPATIBILITE (IDLOGICIEL, IDOS) values (13, 15);
Insert into COMPATIBILITE (IDLOGICIEL, IDOS) values (13, 16);
Insert into COMPATIBILITE (IDLOGICIEL, IDOS) values (13, 17);
Insert into COMPATIBILITE (IDLOGICIEL, IDOS) values (13, 18);
Insert into COMPATIBILITE (IDLOGICIEL, IDOS) values (13, 19);
Insert into COMPATIBILITE (IDLOGICIEL, IDOS) values (13, 20);
Insert into COMPATIBILITE (IDLOGICIEL, IDOS) values (13, 21);
Insert into COMPATIBILITE (IDLOGICIEL, IDOS) values (13, 22);
Insert into COMPATIBILITE (IDLOGICIEL, IDOS) values (13, 23);
Insert into COMPATIBILITE (IDLOGICIEL, IDOS) values (13, 24);
Insert into COMPATIBILITE (IDLOGICIEL, IDOS) values (13, 25);
Insert into COMPATIBILITE (IDLOGICIEL, IDOS) values (13, 26);
Insert into COMPATIBILITE (IDLOGICIEL, IDOS) values (13, 27);
Insert into COMPATIBILITE (IDLOGICIEL, IDOS) values (13, 28);
Insert into COMPATIBILITE (IDLOGICIEL, IDOS) values (13, 29);
Insert into COMPATIBILITE (IDLOGICIEL, IDOS) values (13, 30);
Insert into COMPATIBILITE (IDLOGICIEL, IDOS) values (13, 31);
Insert into COMPATIBILITE (IDLOGICIEL, IDOS) values (13, 32);
Insert into COMPATIBILITE (IDLOGICIEL, IDOS) values (13, 33);
Insert into COMPATIBILITE (IDLOGICIEL, IDOS) values (13, 34);
Insert into COMPATIBILITE (IDLOGICIEL, IDOS) values (13, 35);
Insert into COMPATIBILITE (IDLOGICIEL, IDOS) values (13, 36);
Insert into COMPATIBILITE (IDLOGICIEL, IDOS) values (14, 5);
Insert into COMPATIBILITE (IDLOGICIEL, IDOS) values (14, 8);
Insert into COMPATIBILITE (IDLOGICIEL, IDOS) values (14, 9);
Insert into COMPATIBILITE (IDLOGICIEL, IDOS) values (14, 12);
Insert into COMPATIBILITE (IDLOGICIEL, IDOS) values (14, 13);
Insert into COMPATIBILITE (IDLOGICIEL, IDOS) values (14, 20);
Insert into COMPATIBILITE (IDLOGICIEL, IDOS) values (14, 21);
Insert into COMPATIBILITE (IDLOGICIEL, IDOS) values (14, 22);
Insert into COMPATIBILITE (IDLOGICIEL, IDOS) values (14, 23);
Insert into COMPATIBILITE (IDLOGICIEL, IDOS) values (14, 24);
Insert into COMPATIBILITE (IDLOGICIEL, IDOS) values (14, 25);
Insert into COMPATIBILITE (IDLOGICIEL, IDOS) values (14, 26);
Insert into COMPATIBILITE (IDLOGICIEL, IDOS) values (14, 27);
Insert into COMPATIBILITE (IDLOGICIEL, IDOS) values (14, 28);
Insert into COMPATIBILITE (IDLOGICIEL, IDOS) values (14, 29);
Insert into COMPATIBILITE (IDLOGICIEL, IDOS) values (14, 30);
Insert into COMPATIBILITE (IDLOGICIEL, IDOS) values (14, 31);
Insert into COMPATIBILITE (IDLOGICIEL, IDOS) values (14, 32);
Insert into COMPATIBILITE (IDLOGICIEL, IDOS) values (14, 33);
Insert into COMPATIBILITE (IDLOGICIEL, IDOS) values (14, 34);
Insert into COMPATIBILITE (IDLOGICIEL, IDOS) values (14, 35);
Insert into COMPATIBILITE (IDLOGICIEL, IDOS) values (14, 36);
Insert into COMPATIBILITE (IDLOGICIEL, IDOS) values (14, 37);
Insert into COMPATIBILITE (IDLOGICIEL, IDOS) values (14, 38);
Insert into COMPATIBILITE (IDLOGICIEL, IDOS) values (14, 39);
Insert into COMPATIBILITE (IDLOGICIEL, IDOS) values (15, 5);
Insert into COMPATIBILITE (IDLOGICIEL, IDOS) values (15, 8);
Insert into COMPATIBILITE (IDLOGICIEL, IDOS) values (15, 9);
Insert into COMPATIBILITE (IDLOGICIEL, IDOS) values (15, 12);
Insert into COMPATIBILITE (IDLOGICIEL, IDOS) values (15, 13);
Insert into COMPATIBILITE (IDLOGICIEL, IDOS) values (15, 20);
Insert into COMPATIBILITE (IDLOGICIEL, IDOS) values (15, 21);
Insert into COMPATIBILITE (IDLOGICIEL, IDOS) values (15, 22);
Insert into COMPATIBILITE (IDLOGICIEL, IDOS) values (15, 23);
Insert into COMPATIBILITE (IDLOGICIEL, IDOS) values (15, 24);
Insert into COMPATIBILITE (IDLOGICIEL, IDOS) values (15, 25);
Insert into COMPATIBILITE (IDLOGICIEL, IDOS) values (15, 26);
Insert into COMPATIBILITE (IDLOGICIEL, IDOS) values (15, 27);
Insert into COMPATIBILITE (IDLOGICIEL, IDOS) values (15, 28);
Insert into COMPATIBILITE (IDLOGICIEL, IDOS) values (15, 29);
Insert into COMPATIBILITE (IDLOGICIEL, IDOS) values (15, 30);
Insert into COMPATIBILITE (IDLOGICIEL, IDOS) values (15, 31);
Insert into COMPATIBILITE (IDLOGICIEL, IDOS) values (15, 32);
Insert into COMPATIBILITE (IDLOGICIEL, IDOS) values (15, 33);
Insert into COMPATIBILITE (IDLOGICIEL, IDOS) values (15, 34);
Insert into COMPATIBILITE (IDLOGICIEL, IDOS) values (15, 35);
Insert into COMPATIBILITE (IDLOGICIEL, IDOS) values (15, 36);
Insert into COMPATIBILITE (IDLOGICIEL, IDOS) values (15, 37);
Insert into COMPATIBILITE (IDLOGICIEL, IDOS) values (15, 38);
Insert into COMPATIBILITE (IDLOGICIEL, IDOS) values (15, 39);
Insert into COMPATIBILITE (IDLOGICIEL, IDOS) values (16, 5);
Insert into COMPATIBILITE (IDLOGICIEL, IDOS) values (16, 6);
Insert into COMPATIBILITE (IDLOGICIEL, IDOS) values (16, 7);
Insert into COMPATIBILITE (IDLOGICIEL, IDOS) values (16, 8);
Insert into COMPATIBILITE (IDLOGICIEL, IDOS) values (16, 9);
Insert into COMPATIBILITE (IDLOGICIEL, IDOS) values (16, 10);
Insert into COMPATIBILITE (IDLOGICIEL, IDOS) values (16, 11);
Insert into COMPATIBILITE (IDLOGICIEL, IDOS) values (16, 12);
Insert into COMPATIBILITE (IDLOGICIEL, IDOS) values (16, 13);
Insert into COMPATIBILITE (IDLOGICIEL, IDOS) values (16, 14);
Insert into COMPATIBILITE (IDLOGICIEL, IDOS) values (16, 15);
Insert into COMPATIBILITE (IDLOGICIEL, IDOS) values (16, 16);
Insert into COMPATIBILITE (IDLOGICIEL, IDOS) values (16, 17);
Insert into COMPATIBILITE (IDLOGICIEL, IDOS) values (16, 18);
Insert into COMPATIBILITE (IDLOGICIEL, IDOS) values (16, 19);
Insert into COMPATIBILITE (IDLOGICIEL, IDOS) values (16, 20);
Insert into COMPATIBILITE (IDLOGICIEL, IDOS) values (17, 5);
Insert into COMPATIBILITE (IDLOGICIEL, IDOS) values (17, 6);
Insert into COMPATIBILITE (IDLOGICIEL, IDOS) values (17, 7);
Insert into COMPATIBILITE (IDLOGICIEL, IDOS) values (17, 8);
Insert into COMPATIBILITE (IDLOGICIEL, IDOS) values (17, 9);
Insert into COMPATIBILITE (IDLOGICIEL, IDOS) values (17, 10);
Insert into COMPATIBILITE (IDLOGICIEL, IDOS) values (17, 11);
Insert into COMPATIBILITE (IDLOGICIEL, IDOS) values (17, 12);
Insert into COMPATIBILITE (IDLOGICIEL, IDOS) values (17, 13);
Insert into COMPATIBILITE (IDLOGICIEL, IDOS) values (17, 14);
Insert into COMPATIBILITE (IDLOGICIEL, IDOS) values (17, 15);
Insert into COMPATIBILITE (IDLOGICIEL, IDOS) values (17, 16);
Insert into COMPATIBILITE (IDLOGICIEL, IDOS) values (17, 17);
Insert into COMPATIBILITE (IDLOGICIEL, IDOS) values (17, 18);
Insert into COMPATIBILITE (IDLOGICIEL, IDOS) values (17, 19);
Insert into COMPATIBILITE (IDLOGICIEL, IDOS) values (17, 20);
Insert into COMPATIBILITE (IDLOGICIEL, IDOS) values (18, 6);
Insert into COMPATIBILITE (IDLOGICIEL, IDOS) values (18, 7);
Insert into COMPATIBILITE (IDLOGICIEL, IDOS) values (18, 8);
Insert into COMPATIBILITE (IDLOGICIEL, IDOS) values (18, 9);
Insert into COMPATIBILITE (IDLOGICIEL, IDOS) values (18, 10);
Insert into COMPATIBILITE (IDLOGICIEL, IDOS) values (18, 11);
Insert into COMPATIBILITE (IDLOGICIEL, IDOS) values (18, 12);
Insert into COMPATIBILITE (IDLOGICIEL, IDOS) values (18, 13);
Insert into COMPATIBILITE (IDLOGICIEL, IDOS) values (18, 14);
Insert into COMPATIBILITE (IDLOGICIEL, IDOS) values (18, 15);
Insert into COMPATIBILITE (IDLOGICIEL, IDOS) values (18, 16);
Insert into COMPATIBILITE (IDLOGICIEL, IDOS) values (18, 17);
Insert into COMPATIBILITE (IDLOGICIEL, IDOS) values (18, 18);
Insert into COMPATIBILITE (IDLOGICIEL, IDOS) values (18, 19);
Insert into COMPATIBILITE (IDLOGICIEL, IDOS) values (18, 20);
Insert into COMPATIBILITE (IDLOGICIEL, IDOS) values (19, 6);
Insert into COMPATIBILITE (IDLOGICIEL, IDOS) values (19, 7);
Insert into COMPATIBILITE (IDLOGICIEL, IDOS) values (19, 8);
Insert into COMPATIBILITE (IDLOGICIEL, IDOS) values (19, 9);
Insert into COMPATIBILITE (IDLOGICIEL, IDOS) values (19, 10);
Insert into COMPATIBILITE (IDLOGICIEL, IDOS) values (19, 11);
Insert into COMPATIBILITE (IDLOGICIEL, IDOS) values (19, 12);
Insert into COMPATIBILITE (IDLOGICIEL, IDOS) values (19, 13);
Insert into COMPATIBILITE (IDLOGICIEL, IDOS) values (19, 14);
Insert into COMPATIBILITE (IDLOGICIEL, IDOS) values (19, 15);
Insert into COMPATIBILITE (IDLOGICIEL, IDOS) values (19, 16);
Insert into COMPATIBILITE (IDLOGICIEL, IDOS) values (19, 17);
Insert into COMPATIBILITE (IDLOGICIEL, IDOS) values (19, 18);
Insert into COMPATIBILITE (IDLOGICIEL, IDOS) values (19, 19);
Insert into COMPATIBILITE (IDLOGICIEL, IDOS) values (19, 20);
Insert into COMPATIBILITE (IDLOGICIEL, IDOS) values (20, 1);
Insert into COMPATIBILITE (IDLOGICIEL, IDOS) values (20, 2);
Insert into COMPATIBILITE (IDLOGICIEL, IDOS) values (20, 3);
Insert into COMPATIBILITE (IDLOGICIEL, IDOS) values (20, 4);
Insert into COMPATIBILITE (IDLOGICIEL, IDOS) values (20, 5);
Insert into COMPATIBILITE (IDLOGICIEL, IDOS) values (20, 6);
Insert into COMPATIBILITE (IDLOGICIEL, IDOS) values (20, 7);
Insert into COMPATIBILITE (IDLOGICIEL, IDOS) values (20, 8);
Insert into COMPATIBILITE (IDLOGICIEL, IDOS) values (20, 9);
Insert into COMPATIBILITE (IDLOGICIEL, IDOS) values (20, 10);
Insert into COMPATIBILITE (IDLOGICIEL, IDOS) values (20, 11);
Insert into COMPATIBILITE (IDLOGICIEL, IDOS) values (20, 12);
Insert into COMPATIBILITE (IDLOGICIEL, IDOS) values (20, 13);
Insert into COMPATIBILITE (IDLOGICIEL, IDOS) values (20, 14);
Insert into COMPATIBILITE (IDLOGICIEL, IDOS) values (20, 15);
Insert into COMPATIBILITE (IDLOGICIEL, IDOS) values (20, 16);
Insert into COMPATIBILITE (IDLOGICIEL, IDOS) values (20, 17);
Insert into COMPATIBILITE (IDLOGICIEL, IDOS) values (20, 18);
Insert into COMPATIBILITE (IDLOGICIEL, IDOS) values (20, 19);
Insert into COMPATIBILITE (IDLOGICIEL, IDOS) values (20, 20);
Insert into COMPATIBILITE (IDLOGICIEL, IDOS) values (21, 6);
Insert into COMPATIBILITE (IDLOGICIEL, IDOS) values (21, 7);
Insert into COMPATIBILITE (IDLOGICIEL, IDOS) values (21, 8);
Insert into COMPATIBILITE (IDLOGICIEL, IDOS) values (21, 9);
Insert into COMPATIBILITE (IDLOGICIEL, IDOS) values (21, 10);
Insert into COMPATIBILITE (IDLOGICIEL, IDOS) values (21, 11);
Insert into COMPATIBILITE (IDLOGICIEL, IDOS) values (21, 12);
Insert into COMPATIBILITE (IDLOGICIEL, IDOS) values (21, 13);
Insert into COMPATIBILITE (IDLOGICIEL, IDOS) values (21, 14);
Insert into COMPATIBILITE (IDLOGICIEL, IDOS) values (21, 15);
Insert into COMPATIBILITE (IDLOGICIEL, IDOS) values (21, 16);
Insert into COMPATIBILITE (IDLOGICIEL, IDOS) values (21, 17);
Insert into COMPATIBILITE (IDLOGICIEL, IDOS) values (21, 18);
Insert into COMPATIBILITE (IDLOGICIEL, IDOS) values (21, 19);
Insert into COMPATIBILITE (IDLOGICIEL, IDOS) values (21, 20);
Insert into COMPATIBILITE (IDLOGICIEL, IDOS) values (22, 6);
Insert into COMPATIBILITE (IDLOGICIEL, IDOS) values (22, 7);
Insert into COMPATIBILITE (IDLOGICIEL, IDOS) values (22, 8);
Insert into COMPATIBILITE (IDLOGICIEL, IDOS) values (22, 9);
Insert into COMPATIBILITE (IDLOGICIEL, IDOS) values (22, 10);
Insert into COMPATIBILITE (IDLOGICIEL, IDOS) values (22, 11);
Insert into COMPATIBILITE (IDLOGICIEL, IDOS) values (22, 12);
Insert into COMPATIBILITE (IDLOGICIEL, IDOS) values (22, 13);
Insert into COMPATIBILITE (IDLOGICIEL, IDOS) values (22, 14);
Insert into COMPATIBILITE (IDLOGICIEL, IDOS) values (22, 15);
Insert into COMPATIBILITE (IDLOGICIEL, IDOS) values (22, 16);
Insert into COMPATIBILITE (IDLOGICIEL, IDOS) values (22, 17);
Insert into COMPATIBILITE (IDLOGICIEL, IDOS) values (22, 18);
Insert into COMPATIBILITE (IDLOGICIEL, IDOS) values (22, 19);
Insert into COMPATIBILITE (IDLOGICIEL, IDOS) values (22, 20);
Insert into COMPATIBILITE (IDLOGICIEL, IDOS) values (23, 6);
Insert into COMPATIBILITE (IDLOGICIEL, IDOS) values (23, 7);
Insert into COMPATIBILITE (IDLOGICIEL, IDOS) values (23, 8);
Insert into COMPATIBILITE (IDLOGICIEL, IDOS) values (23, 9);
Insert into COMPATIBILITE (IDLOGICIEL, IDOS) values (23, 10);
Insert into COMPATIBILITE (IDLOGICIEL, IDOS) values (23, 11);
Insert into COMPATIBILITE (IDLOGICIEL, IDOS) values (23, 12);
Insert into COMPATIBILITE (IDLOGICIEL, IDOS) values (23, 13);
Insert into COMPATIBILITE (IDLOGICIEL, IDOS) values (23, 14);
Insert into COMPATIBILITE (IDLOGICIEL, IDOS) values (23, 15);
Insert into COMPATIBILITE (IDLOGICIEL, IDOS) values (23, 16);
Insert into COMPATIBILITE (IDLOGICIEL, IDOS) values (23, 17);
Insert into COMPATIBILITE (IDLOGICIEL, IDOS) values (23, 18);
Insert into COMPATIBILITE (IDLOGICIEL, IDOS) values (23, 19);
Insert into COMPATIBILITE (IDLOGICIEL, IDOS) values (23, 20);
Insert into COMPATIBILITE (IDLOGICIEL, IDOS) values (24, 1);
Insert into COMPATIBILITE (IDLOGICIEL, IDOS) values (24, 2);
Insert into COMPATIBILITE (IDLOGICIEL, IDOS) values (24, 3);
Insert into COMPATIBILITE (IDLOGICIEL, IDOS) values (24, 4);
Insert into COMPATIBILITE (IDLOGICIEL, IDOS) values (24, 5);
Insert into COMPATIBILITE (IDLOGICIEL, IDOS) values (24, 6);
Insert into COMPATIBILITE (IDLOGICIEL, IDOS) values (24, 7);
Insert into COMPATIBILITE (IDLOGICIEL, IDOS) values (24, 8);
Insert into COMPATIBILITE (IDLOGICIEL, IDOS) values (24, 9);
Insert into COMPATIBILITE (IDLOGICIEL, IDOS) values (24, 10);
Insert into COMPATIBILITE (IDLOGICIEL, IDOS) values (24, 11);
Insert into COMPATIBILITE (IDLOGICIEL, IDOS) values (24, 12);
Insert into COMPATIBILITE (IDLOGICIEL, IDOS) values (24, 13);
Insert into COMPATIBILITE (IDLOGICIEL, IDOS) values (24, 14);
Insert into COMPATIBILITE (IDLOGICIEL, IDOS) values (24, 15);
Insert into COMPATIBILITE (IDLOGICIEL, IDOS) values (24, 16);
Insert into COMPATIBILITE (IDLOGICIEL, IDOS) values (24, 17);
Insert into COMPATIBILITE (IDLOGICIEL, IDOS) values (24, 18);
Insert into COMPATIBILITE (IDLOGICIEL, IDOS) values (24, 19);
Insert into COMPATIBILITE (IDLOGICIEL, IDOS) values (24, 20);
Insert into COMPATIBILITE (IDLOGICIEL, IDOS) values (24, 21);
Insert into COMPATIBILITE (IDLOGICIEL, IDOS) values (24, 22);
Insert into COMPATIBILITE (IDLOGICIEL, IDOS) values (24, 23);
Insert into COMPATIBILITE (IDLOGICIEL, IDOS) values (24, 24);
Insert into COMPATIBILITE (IDLOGICIEL, IDOS) values (24, 25);
Insert into COMPATIBILITE (IDLOGICIEL, IDOS) values (24, 26);
Insert into COMPATIBILITE (IDLOGICIEL, IDOS) values (24, 27);
Insert into COMPATIBILITE (IDLOGICIEL, IDOS) values (24, 28);
Insert into COMPATIBILITE (IDLOGICIEL, IDOS) values (24, 29);
Insert into COMPATIBILITE (IDLOGICIEL, IDOS) values (24, 30);
Insert into COMPATIBILITE (IDLOGICIEL, IDOS) values (24, 31);
Insert into COMPATIBILITE (IDLOGICIEL, IDOS) values (24, 32);
Insert into COMPATIBILITE (IDLOGICIEL, IDOS) values (24, 33);
Insert into COMPATIBILITE (IDLOGICIEL, IDOS) values (24, 34);
Insert into COMPATIBILITE (IDLOGICIEL, IDOS) values (24, 35);
Insert into COMPATIBILITE (IDLOGICIEL, IDOS) values (24, 36);
Insert into COMPATIBILITE (IDLOGICIEL, IDOS) values (24, 46);
Insert into COMPATIBILITE (IDLOGICIEL, IDOS) values (24, 47);
Insert into COMPATIBILITE (IDLOGICIEL, IDOS) values (24, 48);
Insert into COMPATIBILITE (IDLOGICIEL, IDOS) values (24, 49);
Insert into COMPATIBILITE (IDLOGICIEL, IDOS) values (24, 50);
Insert into COMPATIBILITE (IDLOGICIEL, IDOS) values (24, 51);
Insert into COMPATIBILITE (IDLOGICIEL, IDOS) values (24, 52);
Insert into COMPATIBILITE (IDLOGICIEL, IDOS) values (25, 1);
Insert into COMPATIBILITE (IDLOGICIEL, IDOS) values (25, 2);
Insert into COMPATIBILITE (IDLOGICIEL, IDOS) values (25, 3);
Insert into COMPATIBILITE (IDLOGICIEL, IDOS) values (25, 4);
Insert into COMPATIBILITE (IDLOGICIEL, IDOS) values (25, 5);
Insert into COMPATIBILITE (IDLOGICIEL, IDOS) values (25, 6);
Insert into COMPATIBILITE (IDLOGICIEL, IDOS) values (25, 7);
Insert into COMPATIBILITE (IDLOGICIEL, IDOS) values (25, 8);
Insert into COMPATIBILITE (IDLOGICIEL, IDOS) values (25, 9);
Insert into COMPATIBILITE (IDLOGICIEL, IDOS) values (25, 10);
Insert into COMPATIBILITE (IDLOGICIEL, IDOS) values (25, 11);
Insert into COMPATIBILITE (IDLOGICIEL, IDOS) values (25, 12);
Insert into COMPATIBILITE (IDLOGICIEL, IDOS) values (25, 13);
Insert into COMPATIBILITE (IDLOGICIEL, IDOS) values (25, 14);
Insert into COMPATIBILITE (IDLOGICIEL, IDOS) values (25, 15);
Insert into COMPATIBILITE (IDLOGICIEL, IDOS) values (25, 16);
Insert into COMPATIBILITE (IDLOGICIEL, IDOS) values (25, 17);
Insert into COMPATIBILITE (IDLOGICIEL, IDOS) values (25, 18);
Insert into COMPATIBILITE (IDLOGICIEL, IDOS) values (25, 19);
Insert into COMPATIBILITE (IDLOGICIEL, IDOS) values (25, 20);
Insert into COMPATIBILITE (IDLOGICIEL, IDOS) values (25, 21);
Insert into COMPATIBILITE (IDLOGICIEL, IDOS) values (25, 22);
Insert into COMPATIBILITE (IDLOGICIEL, IDOS) values (25, 23);
Insert into COMPATIBILITE (IDLOGICIEL, IDOS) values (25, 24);
Insert into COMPATIBILITE (IDLOGICIEL, IDOS) values (25, 25);
Insert into COMPATIBILITE (IDLOGICIEL, IDOS) values (25, 26);
Insert into COMPATIBILITE (IDLOGICIEL, IDOS) values (25, 27);
Insert into COMPATIBILITE (IDLOGICIEL, IDOS) values (25, 28);
Insert into COMPATIBILITE (IDLOGICIEL, IDOS) values (25, 29);
Insert into COMPATIBILITE (IDLOGICIEL, IDOS) values (25, 30);
Insert into COMPATIBILITE (IDLOGICIEL, IDOS) values (25, 31);
Insert into COMPATIBILITE (IDLOGICIEL, IDOS) values (25, 32);
Insert into COMPATIBILITE (IDLOGICIEL, IDOS) values (25, 33);
Insert into COMPATIBILITE (IDLOGICIEL, IDOS) values (25, 34);
Insert into COMPATIBILITE (IDLOGICIEL, IDOS) values (25, 35);
Insert into COMPATIBILITE (IDLOGICIEL, IDOS) values (25, 36);
Insert into COMPATIBILITE (IDLOGICIEL, IDOS) values (25, 46);
Insert into COMPATIBILITE (IDLOGICIEL, IDOS) values (25, 47);
Insert into COMPATIBILITE (IDLOGICIEL, IDOS) values (25, 48);
Insert into COMPATIBILITE (IDLOGICIEL, IDOS) values (25, 49);
Insert into COMPATIBILITE (IDLOGICIEL, IDOS) values (25, 50);
Insert into COMPATIBILITE (IDLOGICIEL, IDOS) values (25, 51);
Insert into COMPATIBILITE (IDLOGICIEL, IDOS) values (25, 52);
Insert into COMPATIBILITE (IDLOGICIEL, IDOS) values (26, 1);
Insert into COMPATIBILITE (IDLOGICIEL, IDOS) values (26, 2);
Insert into COMPATIBILITE (IDLOGICIEL, IDOS) values (26, 3);
Insert into COMPATIBILITE (IDLOGICIEL, IDOS) values (26, 4);
Insert into COMPATIBILITE (IDLOGICIEL, IDOS) values (26, 5);
Insert into COMPATIBILITE (IDLOGICIEL, IDOS) values (26, 6);
Insert into COMPATIBILITE (IDLOGICIEL, IDOS) values (26, 7);
Insert into COMPATIBILITE (IDLOGICIEL, IDOS) values (26, 8);
Insert into COMPATIBILITE (IDLOGICIEL, IDOS) values (26, 9);
Insert into COMPATIBILITE (IDLOGICIEL, IDOS) values (26, 10);
Insert into COMPATIBILITE (IDLOGICIEL, IDOS) values (26, 11);
Insert into COMPATIBILITE (IDLOGICIEL, IDOS) values (26, 12);
Insert into COMPATIBILITE (IDLOGICIEL, IDOS) values (26, 13);
Insert into COMPATIBILITE (IDLOGICIEL, IDOS) values (26, 14);
Insert into COMPATIBILITE (IDLOGICIEL, IDOS) values (26, 15);
Insert into COMPATIBILITE (IDLOGICIEL, IDOS) values (26, 16);
Insert into COMPATIBILITE (IDLOGICIEL, IDOS) values (26, 17);
Insert into COMPATIBILITE (IDLOGICIEL, IDOS) values (26, 18);
Insert into COMPATIBILITE (IDLOGICIEL, IDOS) values (26, 19);
Insert into COMPATIBILITE (IDLOGICIEL, IDOS) values (26, 20);
Insert into COMPATIBILITE (IDLOGICIEL, IDOS) values (26, 21);
Insert into COMPATIBILITE (IDLOGICIEL, IDOS) values (26, 22);
Insert into COMPATIBILITE (IDLOGICIEL, IDOS) values (26, 23);
Insert into COMPATIBILITE (IDLOGICIEL, IDOS) values (26, 24);
Insert into COMPATIBILITE (IDLOGICIEL, IDOS) values (26, 25);
Insert into COMPATIBILITE (IDLOGICIEL, IDOS) values (26, 26);
Insert into COMPATIBILITE (IDLOGICIEL, IDOS) values (26, 27);
Insert into COMPATIBILITE (IDLOGICIEL, IDOS) values (26, 28);
Insert into COMPATIBILITE (IDLOGICIEL, IDOS) values (26, 29);
Insert into COMPATIBILITE (IDLOGICIEL, IDOS) values (26, 30);
Insert into COMPATIBILITE (IDLOGICIEL, IDOS) values (26, 31);
Insert into COMPATIBILITE (IDLOGICIEL, IDOS) values (26, 32);
Insert into COMPATIBILITE (IDLOGICIEL, IDOS) values (26, 33);
Insert into COMPATIBILITE (IDLOGICIEL, IDOS) values (26, 34);
Insert into COMPATIBILITE (IDLOGICIEL, IDOS) values (26, 35);
Insert into COMPATIBILITE (IDLOGICIEL, IDOS) values (26, 36);
Insert into COMPATIBILITE (IDLOGICIEL, IDOS) values (26, 46);
Insert into COMPATIBILITE (IDLOGICIEL, IDOS) values (26, 47);
Insert into COMPATIBILITE (IDLOGICIEL, IDOS) values (26, 48);
Insert into COMPATIBILITE (IDLOGICIEL, IDOS) values (26, 49);
Insert into COMPATIBILITE (IDLOGICIEL, IDOS) values (26, 50);
Insert into COMPATIBILITE (IDLOGICIEL, IDOS) values (26, 51);
Insert into COMPATIBILITE (IDLOGICIEL, IDOS) values (26, 52);
Insert into COMPATIBILITE (IDLOGICIEL, IDOS) values (27, 1);
Insert into COMPATIBILITE (IDLOGICIEL, IDOS) values (27, 2);
Insert into COMPATIBILITE (IDLOGICIEL, IDOS) values (27, 3);
Insert into COMPATIBILITE (IDLOGICIEL, IDOS) values (27, 4);
Insert into COMPATIBILITE (IDLOGICIEL, IDOS) values (27, 5);
Insert into COMPATIBILITE (IDLOGICIEL, IDOS) values (27, 6);
Insert into COMPATIBILITE (IDLOGICIEL, IDOS) values (27, 7);
Insert into COMPATIBILITE (IDLOGICIEL, IDOS) values (27, 8);
Insert into COMPATIBILITE (IDLOGICIEL, IDOS) values (27, 9);
Insert into COMPATIBILITE (IDLOGICIEL, IDOS) values (27, 10);
Insert into COMPATIBILITE (IDLOGICIEL, IDOS) values (27, 11);
Insert into COMPATIBILITE (IDLOGICIEL, IDOS) values (27, 12);
Insert into COMPATIBILITE (IDLOGICIEL, IDOS) values (27, 13);
Insert into COMPATIBILITE (IDLOGICIEL, IDOS) values (27, 14);
Insert into COMPATIBILITE (IDLOGICIEL, IDOS) values (27, 15);
Insert into COMPATIBILITE (IDLOGICIEL, IDOS) values (27, 16);
Insert into COMPATIBILITE (IDLOGICIEL, IDOS) values (27, 17);
Insert into COMPATIBILITE (IDLOGICIEL, IDOS) values (27, 18);
Insert into COMPATIBILITE (IDLOGICIEL, IDOS) values (27, 19);
Insert into COMPATIBILITE (IDLOGICIEL, IDOS) values (27, 20);
Insert into COMPATIBILITE (IDLOGICIEL, IDOS) values (27, 21);
Insert into COMPATIBILITE (IDLOGICIEL, IDOS) values (27, 22);
Insert into COMPATIBILITE (IDLOGICIEL, IDOS) values (27, 23);
Insert into COMPATIBILITE (IDLOGICIEL, IDOS) values (27, 24);
Insert into COMPATIBILITE (IDLOGICIEL, IDOS) values (27, 25);
Insert into COMPATIBILITE (IDLOGICIEL, IDOS) values (27, 26);
Insert into COMPATIBILITE (IDLOGICIEL, IDOS) values (27, 27);
Insert into COMPATIBILITE (IDLOGICIEL, IDOS) values (27, 28);
Insert into COMPATIBILITE (IDLOGICIEL, IDOS) values (27, 29);
Insert into COMPATIBILITE (IDLOGICIEL, IDOS) values (27, 30);
Insert into COMPATIBILITE (IDLOGICIEL, IDOS) values (27, 31);
Insert into COMPATIBILITE (IDLOGICIEL, IDOS) values (27, 32);
Insert into COMPATIBILITE (IDLOGICIEL, IDOS) values (27, 33);
Insert into COMPATIBILITE (IDLOGICIEL, IDOS) values (27, 34);
Insert into COMPATIBILITE (IDLOGICIEL, IDOS) values (27, 35);
Insert into COMPATIBILITE (IDLOGICIEL, IDOS) values (27, 36);
Insert into COMPATIBILITE (IDLOGICIEL, IDOS) values (27, 37);
Insert into COMPATIBILITE (IDLOGICIEL, IDOS) values (27, 38);
Insert into COMPATIBILITE (IDLOGICIEL, IDOS) values (27, 39);
Insert into COMPATIBILITE (IDLOGICIEL, IDOS) values (27, 40);
Insert into COMPATIBILITE (IDLOGICIEL, IDOS) values (27, 41);
Insert into COMPATIBILITE (IDLOGICIEL, IDOS) values (27, 42);
Insert into COMPATIBILITE (IDLOGICIEL, IDOS) values (27, 43);
Insert into COMPATIBILITE (IDLOGICIEL, IDOS) values (27, 44);
Insert into COMPATIBILITE (IDLOGICIEL, IDOS) values (27, 45);
Insert into COMPATIBILITE (IDLOGICIEL, IDOS) values (27, 46);
Insert into COMPATIBILITE (IDLOGICIEL, IDOS) values (27, 47);
Insert into COMPATIBILITE (IDLOGICIEL, IDOS) values (27, 48);
Insert into COMPATIBILITE (IDLOGICIEL, IDOS) values (27, 49);
Insert into COMPATIBILITE (IDLOGICIEL, IDOS) values (27, 50);
Insert into COMPATIBILITE (IDLOGICIEL, IDOS) values (27, 51);
Insert into COMPATIBILITE (IDLOGICIEL, IDOS) values (27, 52);
Insert into COMPATIBILITE (IDLOGICIEL, IDOS) values (27, 53);
Insert into COMPATIBILITE (IDLOGICIEL, IDOS) values (27, 54);
Insert into COMPATIBILITE (IDLOGICIEL, IDOS) values (28, 1);
Insert into COMPATIBILITE (IDLOGICIEL, IDOS) values (28, 2);
Insert into COMPATIBILITE (IDLOGICIEL, IDOS) values (28, 3);
Insert into COMPATIBILITE (IDLOGICIEL, IDOS) values (28, 4);
Insert into COMPATIBILITE (IDLOGICIEL, IDOS) values (28, 5);
Insert into COMPATIBILITE (IDLOGICIEL, IDOS) values (28, 6);
Insert into COMPATIBILITE (IDLOGICIEL, IDOS) values (28, 7);
Insert into COMPATIBILITE (IDLOGICIEL, IDOS) values (28, 8);
Insert into COMPATIBILITE (IDLOGICIEL, IDOS) values (28, 9);
Insert into COMPATIBILITE (IDLOGICIEL, IDOS) values (28, 10);
Insert into COMPATIBILITE (IDLOGICIEL, IDOS) values (28, 11);
Insert into COMPATIBILITE (IDLOGICIEL, IDOS) values (28, 12);
Insert into COMPATIBILITE (IDLOGICIEL, IDOS) values (28, 13);
Insert into COMPATIBILITE (IDLOGICIEL, IDOS) values (28, 14);
Insert into COMPATIBILITE (IDLOGICIEL, IDOS) values (28, 15);
Insert into COMPATIBILITE (IDLOGICIEL, IDOS) values (28, 16);
Insert into COMPATIBILITE (IDLOGICIEL, IDOS) values (28, 17);
Insert into COMPATIBILITE (IDLOGICIEL, IDOS) values (28, 18);
Insert into COMPATIBILITE (IDLOGICIEL, IDOS) values (28, 19);
Insert into COMPATIBILITE (IDLOGICIEL, IDOS) values (28, 20);
Insert into COMPATIBILITE (IDLOGICIEL, IDOS) values (28, 21);
Insert into COMPATIBILITE (IDLOGICIEL, IDOS) values (28, 22);
Insert into COMPATIBILITE (IDLOGICIEL, IDOS) values (28, 23);
Insert into COMPATIBILITE (IDLOGICIEL, IDOS) values (28, 24);
Insert into COMPATIBILITE (IDLOGICIEL, IDOS) values (28, 25);
Insert into COMPATIBILITE (IDLOGICIEL, IDOS) values (28, 26);
Insert into COMPATIBILITE (IDLOGICIEL, IDOS) values (28, 27);
Insert into COMPATIBILITE (IDLOGICIEL, IDOS) values (28, 28);
Insert into COMPATIBILITE (IDLOGICIEL, IDOS) values (28, 29);
Insert into COMPATIBILITE (IDLOGICIEL, IDOS) values (28, 30);
Insert into COMPATIBILITE (IDLOGICIEL, IDOS) values (28, 31);
Insert into COMPATIBILITE (IDLOGICIEL, IDOS) values (28, 32);
Insert into COMPATIBILITE (IDLOGICIEL, IDOS) values (28, 33);
Insert into COMPATIBILITE (IDLOGICIEL, IDOS) values (28, 34);
Insert into COMPATIBILITE (IDLOGICIEL, IDOS) values (28, 35);
Insert into COMPATIBILITE (IDLOGICIEL, IDOS) values (28, 36);
Insert into COMPATIBILITE (IDLOGICIEL, IDOS) values (28, 37);
Insert into COMPATIBILITE (IDLOGICIEL, IDOS) values (28, 38);
Insert into COMPATIBILITE (IDLOGICIEL, IDOS) values (28, 39);
Insert into COMPATIBILITE (IDLOGICIEL, IDOS) values (28, 40);
Insert into COMPATIBILITE (IDLOGICIEL, IDOS) values (28, 41);
Insert into COMPATIBILITE (IDLOGICIEL, IDOS) values (28, 42);
Insert into COMPATIBILITE (IDLOGICIEL, IDOS) values (28, 43);
Insert into COMPATIBILITE (IDLOGICIEL, IDOS) values (28, 44);
Insert into COMPATIBILITE (IDLOGICIEL, IDOS) values (28, 45);
Insert into COMPATIBILITE (IDLOGICIEL, IDOS) values (28, 46);
Insert into COMPATIBILITE (IDLOGICIEL, IDOS) values (28, 47);
Insert into COMPATIBILITE (IDLOGICIEL, IDOS) values (28, 48);
Insert into COMPATIBILITE (IDLOGICIEL, IDOS) values (28, 49);
Insert into COMPATIBILITE (IDLOGICIEL, IDOS) values (28, 50);
Insert into COMPATIBILITE (IDLOGICIEL, IDOS) values (28, 51);
Insert into COMPATIBILITE (IDLOGICIEL, IDOS) values (28, 52);
Insert into COMPATIBILITE (IDLOGICIEL, IDOS) values (28, 53);
Insert into COMPATIBILITE (IDLOGICIEL, IDOS) values (28, 54);
Insert into COMPATIBILITE (IDLOGICIEL, IDOS) values (29, 1);
Insert into COMPATIBILITE (IDLOGICIEL, IDOS) values (29, 2);
Insert into COMPATIBILITE (IDLOGICIEL, IDOS) values (29, 3);
Insert into COMPATIBILITE (IDLOGICIEL, IDOS) values (29, 4);
Insert into COMPATIBILITE (IDLOGICIEL, IDOS) values (29, 5);
Insert into COMPATIBILITE (IDLOGICIEL, IDOS) values (29, 6);
Insert into COMPATIBILITE (IDLOGICIEL, IDOS) values (29, 7);
Insert into COMPATIBILITE (IDLOGICIEL, IDOS) values (29, 8);
Insert into COMPATIBILITE (IDLOGICIEL, IDOS) values (29, 9);
Insert into COMPATIBILITE (IDLOGICIEL, IDOS) values (29, 10);
Insert into COMPATIBILITE (IDLOGICIEL, IDOS) values (29, 11);
Insert into COMPATIBILITE (IDLOGICIEL, IDOS) values (29, 12);
Insert into COMPATIBILITE (IDLOGICIEL, IDOS) values (29, 13);
Insert into COMPATIBILITE (IDLOGICIEL, IDOS) values (29, 14);
Insert into COMPATIBILITE (IDLOGICIEL, IDOS) values (29, 15);
Insert into COMPATIBILITE (IDLOGICIEL, IDOS) values (29, 16);
Insert into COMPATIBILITE (IDLOGICIEL, IDOS) values (29, 17);
Insert into COMPATIBILITE (IDLOGICIEL, IDOS) values (29, 18);
Insert into COMPATIBILITE (IDLOGICIEL, IDOS) values (29, 19);
Insert into COMPATIBILITE (IDLOGICIEL, IDOS) values (29, 20);
Insert into COMPATIBILITE (IDLOGICIEL, IDOS) values (30, 1);
Insert into COMPATIBILITE (IDLOGICIEL, IDOS) values (30, 2);
Insert into COMPATIBILITE (IDLOGICIEL, IDOS) values (30, 3);
Insert into COMPATIBILITE (IDLOGICIEL, IDOS) values (30, 4);
Insert into COMPATIBILITE (IDLOGICIEL, IDOS) values (30, 5);
Insert into COMPATIBILITE (IDLOGICIEL, IDOS) values (30, 6);
Insert into COMPATIBILITE (IDLOGICIEL, IDOS) values (30, 7);
Insert into COMPATIBILITE (IDLOGICIEL, IDOS) values (30, 8);
Insert into COMPATIBILITE (IDLOGICIEL, IDOS) values (30, 9);
Insert into COMPATIBILITE (IDLOGICIEL, IDOS) values (30, 10);
Insert into COMPATIBILITE (IDLOGICIEL, IDOS) values (30, 11);
Insert into COMPATIBILITE (IDLOGICIEL, IDOS) values (30, 12);
Insert into COMPATIBILITE (IDLOGICIEL, IDOS) values (30, 13);
Insert into COMPATIBILITE (IDLOGICIEL, IDOS) values (30, 14);
Insert into COMPATIBILITE (IDLOGICIEL, IDOS) values (30, 15);
Insert into COMPATIBILITE (IDLOGICIEL, IDOS) values (30, 16);
Insert into COMPATIBILITE (IDLOGICIEL, IDOS) values (30, 17);
Insert into COMPATIBILITE (IDLOGICIEL, IDOS) values (30, 18);
Insert into COMPATIBILITE (IDLOGICIEL, IDOS) values (30, 19);
Insert into COMPATIBILITE (IDLOGICIEL, IDOS) values (30, 20);
Insert into COMPATIBILITE (IDLOGICIEL, IDOS) values (31, 1);
Insert into COMPATIBILITE (IDLOGICIEL, IDOS) values (31, 2);
Insert into COMPATIBILITE (IDLOGICIEL, IDOS) values (31, 3);
Insert into COMPATIBILITE (IDLOGICIEL, IDOS) values (31, 4);
Insert into COMPATIBILITE (IDLOGICIEL, IDOS) values (31, 5);
Insert into COMPATIBILITE (IDLOGICIEL, IDOS) values (31, 6);
Insert into COMPATIBILITE (IDLOGICIEL, IDOS) values (31, 7);
Insert into COMPATIBILITE (IDLOGICIEL, IDOS) values (31, 8);
Insert into COMPATIBILITE (IDLOGICIEL, IDOS) values (31, 9);
Insert into COMPATIBILITE (IDLOGICIEL, IDOS) values (31, 10);
Insert into COMPATIBILITE (IDLOGICIEL, IDOS) values (31, 11);
Insert into COMPATIBILITE (IDLOGICIEL, IDOS) values (31, 12);
Insert into COMPATIBILITE (IDLOGICIEL, IDOS) values (31, 13);
Insert into COMPATIBILITE (IDLOGICIEL, IDOS) values (31, 14);
Insert into COMPATIBILITE (IDLOGICIEL, IDOS) values (31, 15);
Insert into COMPATIBILITE (IDLOGICIEL, IDOS) values (31, 16);
Insert into COMPATIBILITE (IDLOGICIEL, IDOS) values (31, 17);
Insert into COMPATIBILITE (IDLOGICIEL, IDOS) values (31, 18);
Insert into COMPATIBILITE (IDLOGICIEL, IDOS) values (31, 19);
Insert into COMPATIBILITE (IDLOGICIEL, IDOS) values (31, 20);
Insert into COMPATIBILITE (IDLOGICIEL, IDOS) values (31, 21);
Insert into COMPATIBILITE (IDLOGICIEL, IDOS) values (31, 22);
Insert into COMPATIBILITE (IDLOGICIEL, IDOS) values (31, 23);
Insert into COMPATIBILITE (IDLOGICIEL, IDOS) values (31, 24);
Insert into COMPATIBILITE (IDLOGICIEL, IDOS) values (31, 25);
Insert into COMPATIBILITE (IDLOGICIEL, IDOS) values (31, 26);
Insert into COMPATIBILITE (IDLOGICIEL, IDOS) values (31, 27);
Insert into COMPATIBILITE (IDLOGICIEL, IDOS) values (31, 28);
Insert into COMPATIBILITE (IDLOGICIEL, IDOS) values (31, 29);
Insert into COMPATIBILITE (IDLOGICIEL, IDOS) values (31, 30);
Insert into COMPATIBILITE (IDLOGICIEL, IDOS) values (31, 31);
Insert into COMPATIBILITE (IDLOGICIEL, IDOS) values (31, 32);
Insert into COMPATIBILITE (IDLOGICIEL, IDOS) values (31, 33);
Insert into COMPATIBILITE (IDLOGICIEL, IDOS) values (31, 34);
Insert into COMPATIBILITE (IDLOGICIEL, IDOS) values (31, 35);
Insert into COMPATIBILITE (IDLOGICIEL, IDOS) values (31, 36);
Insert into COMPATIBILITE (IDLOGICIEL, IDOS) values (31, 37);
Insert into COMPATIBILITE (IDLOGICIEL, IDOS) values (31, 38);
Insert into COMPATIBILITE (IDLOGICIEL, IDOS) values (31, 39);
Insert into COMPATIBILITE (IDLOGICIEL, IDOS) values (31, 40);
Insert into COMPATIBILITE (IDLOGICIEL, IDOS) values (31, 41);
Insert into COMPATIBILITE (IDLOGICIEL, IDOS) values (31, 42);
Insert into COMPATIBILITE (IDLOGICIEL, IDOS) values (31, 43);
Insert into COMPATIBILITE (IDLOGICIEL, IDOS) values (31, 44);
Insert into COMPATIBILITE (IDLOGICIEL, IDOS) values (31, 45);
Insert into COMPATIBILITE (IDLOGICIEL, IDOS) values (31, 46);
Insert into COMPATIBILITE (IDLOGICIEL, IDOS) values (31, 47);
Insert into COMPATIBILITE (IDLOGICIEL, IDOS) values (31, 48);
Insert into COMPATIBILITE (IDLOGICIEL, IDOS) values (31, 49);
Insert into COMPATIBILITE (IDLOGICIEL, IDOS) values (31, 50);
Insert into COMPATIBILITE (IDLOGICIEL, IDOS) values (31, 51);
Insert into COMPATIBILITE (IDLOGICIEL, IDOS) values (31, 52);
Insert into COMPATIBILITE (IDLOGICIEL, IDOS) values (32, 1);
Insert into COMPATIBILITE (IDLOGICIEL, IDOS) values (32, 2);
Insert into COMPATIBILITE (IDLOGICIEL, IDOS) values (32, 3);
Insert into COMPATIBILITE (IDLOGICIEL, IDOS) values (32, 4);
Insert into COMPATIBILITE (IDLOGICIEL, IDOS) values (32, 5);
Insert into COMPATIBILITE (IDLOGICIEL, IDOS) values (32, 6);
Insert into COMPATIBILITE (IDLOGICIEL, IDOS) values (32, 7);
Insert into COMPATIBILITE (IDLOGICIEL, IDOS) values (32, 8);
Insert into COMPATIBILITE (IDLOGICIEL, IDOS) values (32, 9);
Insert into COMPATIBILITE (IDLOGICIEL, IDOS) values (32, 10);
Insert into COMPATIBILITE (IDLOGICIEL, IDOS) values (32, 11);
Insert into COMPATIBILITE (IDLOGICIEL, IDOS) values (32, 12);
Insert into COMPATIBILITE (IDLOGICIEL, IDOS) values (32, 13);
Insert into COMPATIBILITE (IDLOGICIEL, IDOS) values (32, 14);
Insert into COMPATIBILITE (IDLOGICIEL, IDOS) values (32, 15);
Insert into COMPATIBILITE (IDLOGICIEL, IDOS) values (32, 16);
Insert into COMPATIBILITE (IDLOGICIEL, IDOS) values (32, 17);
Insert into COMPATIBILITE (IDLOGICIEL, IDOS) values (32, 18);
Insert into COMPATIBILITE (IDLOGICIEL, IDOS) values (32, 19);
Insert into COMPATIBILITE (IDLOGICIEL, IDOS) values (32, 20);
Insert into COMPATIBILITE (IDLOGICIEL, IDOS) values (32, 21);
Insert into COMPATIBILITE (IDLOGICIEL, IDOS) values (32, 22);
Insert into COMPATIBILITE (IDLOGICIEL, IDOS) values (32, 23);
Insert into COMPATIBILITE (IDLOGICIEL, IDOS) values (32, 24);
Insert into COMPATIBILITE (IDLOGICIEL, IDOS) values (32, 25);
Insert into COMPATIBILITE (IDLOGICIEL, IDOS) values (32, 26);
Insert into COMPATIBILITE (IDLOGICIEL, IDOS) values (32, 27);
Insert into COMPATIBILITE (IDLOGICIEL, IDOS) values (32, 28);
Insert into COMPATIBILITE (IDLOGICIEL, IDOS) values (32, 29);
Insert into COMPATIBILITE (IDLOGICIEL, IDOS) values (32, 30);
Insert into COMPATIBILITE (IDLOGICIEL, IDOS) values (32, 31);
Insert into COMPATIBILITE (IDLOGICIEL, IDOS) values (32, 32);
Insert into COMPATIBILITE (IDLOGICIEL, IDOS) values (32, 33);
Insert into COMPATIBILITE (IDLOGICIEL, IDOS) values (32, 34);
Insert into COMPATIBILITE (IDLOGICIEL, IDOS) values (32, 35);
Insert into COMPATIBILITE (IDLOGICIEL, IDOS) values (32, 36);
Insert into COMPATIBILITE (IDLOGICIEL, IDOS) values (32, 37);
Insert into COMPATIBILITE (IDLOGICIEL, IDOS) values (32, 38);
Insert into COMPATIBILITE (IDLOGICIEL, IDOS) values (32, 39);
Insert into COMPATIBILITE (IDLOGICIEL, IDOS) values (32, 40);
Insert into COMPATIBILITE (IDLOGICIEL, IDOS) values (32, 41);
Insert into COMPATIBILITE (IDLOGICIEL, IDOS) values (32, 42);
Insert into COMPATIBILITE (IDLOGICIEL, IDOS) values (32, 43);
Insert into COMPATIBILITE (IDLOGICIEL, IDOS) values (32, 44);
Insert into COMPATIBILITE (IDLOGICIEL, IDOS) values (32, 45);
Insert into COMPATIBILITE (IDLOGICIEL, IDOS) values (32, 46);
Insert into COMPATIBILITE (IDLOGICIEL, IDOS) values (32, 47);
Insert into COMPATIBILITE (IDLOGICIEL, IDOS) values (32, 48);
Insert into COMPATIBILITE (IDLOGICIEL, IDOS) values (32, 49);
Insert into COMPATIBILITE (IDLOGICIEL, IDOS) values (32, 50);
Insert into COMPATIBILITE (IDLOGICIEL, IDOS) values (32, 51);
Insert into COMPATIBILITE (IDLOGICIEL, IDOS) values (32, 52);
Insert into COMPATIBILITE (IDLOGICIEL, IDOS) values (33, 1);
Insert into COMPATIBILITE (IDLOGICIEL, IDOS) values (33, 2);
Insert into COMPATIBILITE (IDLOGICIEL, IDOS) values (33, 3);
Insert into COMPATIBILITE (IDLOGICIEL, IDOS) values (33, 4);
Insert into COMPATIBILITE (IDLOGICIEL, IDOS) values (33, 5);
Insert into COMPATIBILITE (IDLOGICIEL, IDOS) values (33, 6);
Insert into COMPATIBILITE (IDLOGICIEL, IDOS) values (33, 7);
Insert into COMPATIBILITE (IDLOGICIEL, IDOS) values (33, 8);
Insert into COMPATIBILITE (IDLOGICIEL, IDOS) values (33, 9);
Insert into COMPATIBILITE (IDLOGICIEL, IDOS) values (33, 10);
Insert into COMPATIBILITE (IDLOGICIEL, IDOS) values (33, 11);
Insert into COMPATIBILITE (IDLOGICIEL, IDOS) values (33, 12);
Insert into COMPATIBILITE (IDLOGICIEL, IDOS) values (33, 13);
Insert into COMPATIBILITE (IDLOGICIEL, IDOS) values (33, 14);
Insert into COMPATIBILITE (IDLOGICIEL, IDOS) values (33, 15);
Insert into COMPATIBILITE (IDLOGICIEL, IDOS) values (33, 16);
Insert into COMPATIBILITE (IDLOGICIEL, IDOS) values (33, 17);
Insert into COMPATIBILITE (IDLOGICIEL, IDOS) values (33, 18);
Insert into COMPATIBILITE (IDLOGICIEL, IDOS) values (33, 19);
Insert into COMPATIBILITE (IDLOGICIEL, IDOS) values (33, 20);
Insert into COMPATIBILITE (IDLOGICIEL, IDOS) values (34, 1);
Insert into COMPATIBILITE (IDLOGICIEL, IDOS) values (34, 2);
Insert into COMPATIBILITE (IDLOGICIEL, IDOS) values (34, 3);
Insert into COMPATIBILITE (IDLOGICIEL, IDOS) values (34, 4);
Insert into COMPATIBILITE (IDLOGICIEL, IDOS) values (34, 5);
Insert into COMPATIBILITE (IDLOGICIEL, IDOS) values (34, 6);
Insert into COMPATIBILITE (IDLOGICIEL, IDOS) values (34, 7);
Insert into COMPATIBILITE (IDLOGICIEL, IDOS) values (34, 8);
Insert into COMPATIBILITE (IDLOGICIEL, IDOS) values (34, 9);
Insert into COMPATIBILITE (IDLOGICIEL, IDOS) values (34, 10);
Insert into COMPATIBILITE (IDLOGICIEL, IDOS) values (34, 11);
Insert into COMPATIBILITE (IDLOGICIEL, IDOS) values (34, 12);
Insert into COMPATIBILITE (IDLOGICIEL, IDOS) values (34, 13);
Insert into COMPATIBILITE (IDLOGICIEL, IDOS) values (34, 14);
Insert into COMPATIBILITE (IDLOGICIEL, IDOS) values (34, 15);
Insert into COMPATIBILITE (IDLOGICIEL, IDOS) values (34, 16);
Insert into COMPATIBILITE (IDLOGICIEL, IDOS) values (34, 17);
Insert into COMPATIBILITE (IDLOGICIEL, IDOS) values (34, 18);
Insert into COMPATIBILITE (IDLOGICIEL, IDOS) values (34, 19);
Insert into COMPATIBILITE (IDLOGICIEL, IDOS) values (34, 20);
Insert into COMPATIBILITE (IDLOGICIEL, IDOS) values (35, 1);
Insert into COMPATIBILITE (IDLOGICIEL, IDOS) values (35, 2);
Insert into COMPATIBILITE (IDLOGICIEL, IDOS) values (35, 3);
Insert into COMPATIBILITE (IDLOGICIEL, IDOS) values (35, 4);
Insert into COMPATIBILITE (IDLOGICIEL, IDOS) values (35, 5);
Insert into COMPATIBILITE (IDLOGICIEL, IDOS) values (35, 6);
Insert into COMPATIBILITE (IDLOGICIEL, IDOS) values (35, 7);
Insert into COMPATIBILITE (IDLOGICIEL, IDOS) values (35, 8);
Insert into COMPATIBILITE (IDLOGICIEL, IDOS) values (35, 9);
Insert into COMPATIBILITE (IDLOGICIEL, IDOS) values (35, 10);
Insert into COMPATIBILITE (IDLOGICIEL, IDOS) values (35, 11);
Insert into COMPATIBILITE (IDLOGICIEL, IDOS) values (35, 12);
Insert into COMPATIBILITE (IDLOGICIEL, IDOS) values (35, 13);
Insert into COMPATIBILITE (IDLOGICIEL, IDOS) values (35, 14);
Insert into COMPATIBILITE (IDLOGICIEL, IDOS) values (35, 15);
Insert into COMPATIBILITE (IDLOGICIEL, IDOS) values (35, 16);
Insert into COMPATIBILITE (IDLOGICIEL, IDOS) values (35, 17);
Insert into COMPATIBILITE (IDLOGICIEL, IDOS) values (35, 18);
Insert into COMPATIBILITE (IDLOGICIEL, IDOS) values (35, 19);
Insert into COMPATIBILITE (IDLOGICIEL, IDOS) values (35, 20);
Insert into COMPATIBILITE (IDLOGICIEL, IDOS) values (36, 1);
Insert into COMPATIBILITE (IDLOGICIEL, IDOS) values (36, 2);
Insert into COMPATIBILITE (IDLOGICIEL, IDOS) values (36, 3);
Insert into COMPATIBILITE (IDLOGICIEL, IDOS) values (36, 4);
Insert into COMPATIBILITE (IDLOGICIEL, IDOS) values (36, 5);
Insert into COMPATIBILITE (IDLOGICIEL, IDOS) values (36, 6);
Insert into COMPATIBILITE (IDLOGICIEL, IDOS) values (36, 7);
Insert into COMPATIBILITE (IDLOGICIEL, IDOS) values (36, 8);
Insert into COMPATIBILITE (IDLOGICIEL, IDOS) values (36, 9);
Insert into COMPATIBILITE (IDLOGICIEL, IDOS) values (36, 10);
Insert into COMPATIBILITE (IDLOGICIEL, IDOS) values (36, 11);
Insert into COMPATIBILITE (IDLOGICIEL, IDOS) values (36, 12);
Insert into COMPATIBILITE (IDLOGICIEL, IDOS) values (36, 13);
Insert into COMPATIBILITE (IDLOGICIEL, IDOS) values (36, 14);
Insert into COMPATIBILITE (IDLOGICIEL, IDOS) values (36, 15);
Insert into COMPATIBILITE (IDLOGICIEL, IDOS) values (36, 16);
Insert into COMPATIBILITE (IDLOGICIEL, IDOS) values (36, 17);
Insert into COMPATIBILITE (IDLOGICIEL, IDOS) values (36, 18);
Insert into COMPATIBILITE (IDLOGICIEL, IDOS) values (36, 19);
Insert into COMPATIBILITE (IDLOGICIEL, IDOS) values (36, 20);
Insert into COMPATIBILITE (IDLOGICIEL, IDOS) values (37, 1);
Insert into COMPATIBILITE (IDLOGICIEL, IDOS) values (37, 2);
Insert into COMPATIBILITE (IDLOGICIEL, IDOS) values (37, 3);
Insert into COMPATIBILITE (IDLOGICIEL, IDOS) values (37, 4);
Insert into COMPATIBILITE (IDLOGICIEL, IDOS) values (37, 5);
Insert into COMPATIBILITE (IDLOGICIEL, IDOS) values (37, 6);
Insert into COMPATIBILITE (IDLOGICIEL, IDOS) values (37, 7);
Insert into COMPATIBILITE (IDLOGICIEL, IDOS) values (37, 8);
Insert into COMPATIBILITE (IDLOGICIEL, IDOS) values (37, 9);
Insert into COMPATIBILITE (IDLOGICIEL, IDOS) values (37, 10);
Insert into COMPATIBILITE (IDLOGICIEL, IDOS) values (37, 11);
Insert into COMPATIBILITE (IDLOGICIEL, IDOS) values (37, 12);
Insert into COMPATIBILITE (IDLOGICIEL, IDOS) values (37, 13);
Insert into COMPATIBILITE (IDLOGICIEL, IDOS) values (37, 14);
Insert into COMPATIBILITE (IDLOGICIEL, IDOS) values (37, 15);
Insert into COMPATIBILITE (IDLOGICIEL, IDOS) values (37, 16);
Insert into COMPATIBILITE (IDLOGICIEL, IDOS) values (37, 17);
Insert into COMPATIBILITE (IDLOGICIEL, IDOS) values (37, 18);
Insert into COMPATIBILITE (IDLOGICIEL, IDOS) values (37, 19);
Insert into COMPATIBILITE (IDLOGICIEL, IDOS) values (37, 20);
Insert into COMPATIBILITE (IDLOGICIEL, IDOS) values (38, 1);
Insert into COMPATIBILITE (IDLOGICIEL, IDOS) values (38, 2);
Insert into COMPATIBILITE (IDLOGICIEL, IDOS) values (38, 3);
Insert into COMPATIBILITE (IDLOGICIEL, IDOS) values (38, 4);
Insert into COMPATIBILITE (IDLOGICIEL, IDOS) values (38, 5);
Insert into COMPATIBILITE (IDLOGICIEL, IDOS) values (38, 6);
Insert into COMPATIBILITE (IDLOGICIEL, IDOS) values (38, 7);
Insert into COMPATIBILITE (IDLOGICIEL, IDOS) values (38, 8);
Insert into COMPATIBILITE (IDLOGICIEL, IDOS) values (38, 9);
Insert into COMPATIBILITE (IDLOGICIEL, IDOS) values (38, 10);
Insert into COMPATIBILITE (IDLOGICIEL, IDOS) values (38, 11);
Insert into COMPATIBILITE (IDLOGICIEL, IDOS) values (38, 12);
Insert into COMPATIBILITE (IDLOGICIEL, IDOS) values (38, 13);
Insert into COMPATIBILITE (IDLOGICIEL, IDOS) values (38, 14);
Insert into COMPATIBILITE (IDLOGICIEL, IDOS) values (38, 15);
Insert into COMPATIBILITE (IDLOGICIEL, IDOS) values (38, 16);
Insert into COMPATIBILITE (IDLOGICIEL, IDOS) values (38, 17);
Insert into COMPATIBILITE (IDLOGICIEL, IDOS) values (38, 18);
Insert into COMPATIBILITE (IDLOGICIEL, IDOS) values (38, 19);
Insert into COMPATIBILITE (IDLOGICIEL, IDOS) values (38, 20);
Insert into COMPATIBILITE (IDLOGICIEL, IDOS) values (39, 1);
Insert into COMPATIBILITE (IDLOGICIEL, IDOS) values (39, 2);
Insert into COMPATIBILITE (IDLOGICIEL, IDOS) values (39, 3);
Insert into COMPATIBILITE (IDLOGICIEL, IDOS) values (39, 4);
Insert into COMPATIBILITE (IDLOGICIEL, IDOS) values (39, 5);
Insert into COMPATIBILITE (IDLOGICIEL, IDOS) values (39, 6);
Insert into COMPATIBILITE (IDLOGICIEL, IDOS) values (39, 7);
Insert into COMPATIBILITE (IDLOGICIEL, IDOS) values (39, 8);
Insert into COMPATIBILITE (IDLOGICIEL, IDOS) values (39, 9);
Insert into COMPATIBILITE (IDLOGICIEL, IDOS) values (39, 10);
Insert into COMPATIBILITE (IDLOGICIEL, IDOS) values (39, 11);
Insert into COMPATIBILITE (IDLOGICIEL, IDOS) values (39, 12);
Insert into COMPATIBILITE (IDLOGICIEL, IDOS) values (39, 13);
Insert into COMPATIBILITE (IDLOGICIEL, IDOS) values (39, 14);
Insert into COMPATIBILITE (IDLOGICIEL, IDOS) values (39, 15);
Insert into COMPATIBILITE (IDLOGICIEL, IDOS) values (39, 16);
Insert into COMPATIBILITE (IDLOGICIEL, IDOS) values (39, 17);
Insert into COMPATIBILITE (IDLOGICIEL, IDOS) values (39, 18);
Insert into COMPATIBILITE (IDLOGICIEL, IDOS) values (39, 19);
Insert into COMPATIBILITE (IDLOGICIEL, IDOS) values (39, 20);
Insert into COMPATIBILITE (IDLOGICIEL, IDOS) values (39, 21);
Insert into COMPATIBILITE (IDLOGICIEL, IDOS) values (39, 22);
Insert into COMPATIBILITE (IDLOGICIEL, IDOS) values (39, 23);
Insert into COMPATIBILITE (IDLOGICIEL, IDOS) values (39, 24);
Insert into COMPATIBILITE (IDLOGICIEL, IDOS) values (39, 25);
Insert into COMPATIBILITE (IDLOGICIEL, IDOS) values (39, 26);
Insert into COMPATIBILITE (IDLOGICIEL, IDOS) values (39, 27);
Insert into COMPATIBILITE (IDLOGICIEL, IDOS) values (39, 28);
Insert into COMPATIBILITE (IDLOGICIEL, IDOS) values (39, 29);
Insert into COMPATIBILITE (IDLOGICIEL, IDOS) values (39, 30);
Insert into COMPATIBILITE (IDLOGICIEL, IDOS) values (39, 31);
Insert into COMPATIBILITE (IDLOGICIEL, IDOS) values (39, 32);
Insert into COMPATIBILITE (IDLOGICIEL, IDOS) values (39, 33);
Insert into COMPATIBILITE (IDLOGICIEL, IDOS) values (39, 34);
Insert into COMPATIBILITE (IDLOGICIEL, IDOS) values (39, 35);
Insert into COMPATIBILITE (IDLOGICIEL, IDOS) values (39, 36);
Insert into COMPATIBILITE (IDLOGICIEL, IDOS) values (39, 37);
Insert into COMPATIBILITE (IDLOGICIEL, IDOS) values (39, 38);
Insert into COMPATIBILITE (IDLOGICIEL, IDOS) values (39, 39);
Insert into COMPATIBILITE (IDLOGICIEL, IDOS) values (39, 46);
Insert into COMPATIBILITE (IDLOGICIEL, IDOS) values (39, 47);
Insert into COMPATIBILITE (IDLOGICIEL, IDOS) values (39, 48);
Insert into COMPATIBILITE (IDLOGICIEL, IDOS) values (39, 49);
Insert into COMPATIBILITE (IDLOGICIEL, IDOS) values (39, 50);
Insert into COMPATIBILITE (IDLOGICIEL, IDOS) values (39, 51);
Insert into COMPATIBILITE (IDLOGICIEL, IDOS) values (39, 52);
Insert into COMPATIBILITE (IDLOGICIEL, IDOS) values (40, 1);
Insert into COMPATIBILITE (IDLOGICIEL, IDOS) values (40, 2);
Insert into COMPATIBILITE (IDLOGICIEL, IDOS) values (40, 3);
Insert into COMPATIBILITE (IDLOGICIEL, IDOS) values (40, 4);
Insert into COMPATIBILITE (IDLOGICIEL, IDOS) values (40, 5);
Insert into COMPATIBILITE (IDLOGICIEL, IDOS) values (40, 6);
Insert into COMPATIBILITE (IDLOGICIEL, IDOS) values (40, 7);
Insert into COMPATIBILITE (IDLOGICIEL, IDOS) values (40, 8);
Insert into COMPATIBILITE (IDLOGICIEL, IDOS) values (40, 9);
Insert into COMPATIBILITE (IDLOGICIEL, IDOS) values (40, 10);
Insert into COMPATIBILITE (IDLOGICIEL, IDOS) values (40, 11);
Insert into COMPATIBILITE (IDLOGICIEL, IDOS) values (40, 12);
Insert into COMPATIBILITE (IDLOGICIEL, IDOS) values (40, 13);
Insert into COMPATIBILITE (IDLOGICIEL, IDOS) values (40, 14);
Insert into COMPATIBILITE (IDLOGICIEL, IDOS) values (40, 15);
Insert into COMPATIBILITE (IDLOGICIEL, IDOS) values (40, 16);
Insert into COMPATIBILITE (IDLOGICIEL, IDOS) values (40, 17);
Insert into COMPATIBILITE (IDLOGICIEL, IDOS) values (40, 18);
Insert into COMPATIBILITE (IDLOGICIEL, IDOS) values (40, 19);
Insert into COMPATIBILITE (IDLOGICIEL, IDOS) values (40, 20);
Insert into COMPATIBILITE (IDLOGICIEL, IDOS) values (40, 21);
Insert into COMPATIBILITE (IDLOGICIEL, IDOS) values (40, 22);
Insert into COMPATIBILITE (IDLOGICIEL, IDOS) values (40, 23);
Insert into COMPATIBILITE (IDLOGICIEL, IDOS) values (40, 24);
Insert into COMPATIBILITE (IDLOGICIEL, IDOS) values (40, 25);
Insert into COMPATIBILITE (IDLOGICIEL, IDOS) values (40, 26);
Insert into COMPATIBILITE (IDLOGICIEL, IDOS) values (40, 27);
Insert into COMPATIBILITE (IDLOGICIEL, IDOS) values (40, 28);
Insert into COMPATIBILITE (IDLOGICIEL, IDOS) values (40, 29);
Insert into COMPATIBILITE (IDLOGICIEL, IDOS) values (40, 30);
Insert into COMPATIBILITE (IDLOGICIEL, IDOS) values (40, 31);
Insert into COMPATIBILITE (IDLOGICIEL, IDOS) values (40, 32);
Insert into COMPATIBILITE (IDLOGICIEL, IDOS) values (40, 33);
Insert into COMPATIBILITE (IDLOGICIEL, IDOS) values (40, 34);
Insert into COMPATIBILITE (IDLOGICIEL, IDOS) values (40, 35);
Insert into COMPATIBILITE (IDLOGICIEL, IDOS) values (40, 36);
Insert into COMPATIBILITE (IDLOGICIEL, IDOS) values (40, 37);
Insert into COMPATIBILITE (IDLOGICIEL, IDOS) values (40, 38);
Insert into COMPATIBILITE (IDLOGICIEL, IDOS) values (40, 39);
Insert into COMPATIBILITE (IDLOGICIEL, IDOS) values (40, 46);
Insert into COMPATIBILITE (IDLOGICIEL, IDOS) values (40, 47);
Insert into COMPATIBILITE (IDLOGICIEL, IDOS) values (40, 48);
Insert into COMPATIBILITE (IDLOGICIEL, IDOS) values (40, 49);
Insert into COMPATIBILITE (IDLOGICIEL, IDOS) values (40, 50);
Insert into COMPATIBILITE (IDLOGICIEL, IDOS) values (40, 51);
Insert into COMPATIBILITE (IDLOGICIEL, IDOS) values (40, 52);
Insert into COMPATIBILITE (IDLOGICIEL, IDOS) values (41, 6);
Insert into COMPATIBILITE (IDLOGICIEL, IDOS) values (41, 7);
Insert into COMPATIBILITE (IDLOGICIEL, IDOS) values (41, 8);
Insert into COMPATIBILITE (IDLOGICIEL, IDOS) values (41, 9);
Insert into COMPATIBILITE (IDLOGICIEL, IDOS) values (41, 10);
Insert into COMPATIBILITE (IDLOGICIEL, IDOS) values (41, 11);
Insert into COMPATIBILITE (IDLOGICIEL, IDOS) values (41, 14);
Insert into COMPATIBILITE (IDLOGICIEL, IDOS) values (41, 15);
Insert into COMPATIBILITE (IDLOGICIEL, IDOS) values (41, 16);
Insert into COMPATIBILITE (IDLOGICIEL, IDOS) values (41, 17);
Insert into COMPATIBILITE (IDLOGICIEL, IDOS) values (41, 18);
Insert into COMPATIBILITE (IDLOGICIEL, IDOS) values (41, 19);
Insert into COMPATIBILITE (IDLOGICIEL, IDOS) values (42, 6);
Insert into COMPATIBILITE (IDLOGICIEL, IDOS) values (42, 7);
Insert into COMPATIBILITE (IDLOGICIEL, IDOS) values (42, 8);
Insert into COMPATIBILITE (IDLOGICIEL, IDOS) values (42, 9);
Insert into COMPATIBILITE (IDLOGICIEL, IDOS) values (42, 10);
Insert into COMPATIBILITE (IDLOGICIEL, IDOS) values (42, 11);
Insert into COMPATIBILITE (IDLOGICIEL, IDOS) values (42, 14);
Insert into COMPATIBILITE (IDLOGICIEL, IDOS) values (42, 15);
Insert into COMPATIBILITE (IDLOGICIEL, IDOS) values (42, 16);
Insert into COMPATIBILITE (IDLOGICIEL, IDOS) values (42, 17);
Insert into COMPATIBILITE (IDLOGICIEL, IDOS) values (42, 18);
Insert into COMPATIBILITE (IDLOGICIEL, IDOS) values (42, 19);
Insert into COMPATIBILITE (IDLOGICIEL, IDOS) values (43, 6);
Insert into COMPATIBILITE (IDLOGICIEL, IDOS) values (43, 7);
Insert into COMPATIBILITE (IDLOGICIEL, IDOS) values (43, 8);
Insert into COMPATIBILITE (IDLOGICIEL, IDOS) values (43, 9);
Insert into COMPATIBILITE (IDLOGICIEL, IDOS) values (43, 10);
Insert into COMPATIBILITE (IDLOGICIEL, IDOS) values (43, 11);
Insert into COMPATIBILITE (IDLOGICIEL, IDOS) values (43, 14);
Insert into COMPATIBILITE (IDLOGICIEL, IDOS) values (43, 15);
Insert into COMPATIBILITE (IDLOGICIEL, IDOS) values (43, 16);
Insert into COMPATIBILITE (IDLOGICIEL, IDOS) values (43, 17);
Insert into COMPATIBILITE (IDLOGICIEL, IDOS) values (43, 18);
Insert into COMPATIBILITE (IDLOGICIEL, IDOS) values (43, 19);
Insert into COMPATIBILITE (IDLOGICIEL, IDOS) values (44, 6);
Insert into COMPATIBILITE (IDLOGICIEL, IDOS) values (44, 7);
Insert into COMPATIBILITE (IDLOGICIEL, IDOS) values (44, 8);
Insert into COMPATIBILITE (IDLOGICIEL, IDOS) values (44, 9);
Insert into COMPATIBILITE (IDLOGICIEL, IDOS) values (44, 10);
Insert into COMPATIBILITE (IDLOGICIEL, IDOS) values (44, 11);
Insert into COMPATIBILITE (IDLOGICIEL, IDOS) values (44, 14);
Insert into COMPATIBILITE (IDLOGICIEL, IDOS) values (44, 15);
Insert into COMPATIBILITE (IDLOGICIEL, IDOS) values (44, 16);
Insert into COMPATIBILITE (IDLOGICIEL, IDOS) values (44, 17);
Insert into COMPATIBILITE (IDLOGICIEL, IDOS) values (44, 18);
Insert into COMPATIBILITE (IDLOGICIEL, IDOS) values (44, 19);
Insert into COMPATIBILITE (IDLOGICIEL, IDOS) values (45, 6);
Insert into COMPATIBILITE (IDLOGICIEL, IDOS) values (45, 7);
Insert into COMPATIBILITE (IDLOGICIEL, IDOS) values (45, 8);
Insert into COMPATIBILITE (IDLOGICIEL, IDOS) values (45, 9);
Insert into COMPATIBILITE (IDLOGICIEL, IDOS) values (45, 10);
Insert into COMPATIBILITE (IDLOGICIEL, IDOS) values (45, 11);
Insert into COMPATIBILITE (IDLOGICIEL, IDOS) values (45, 14);
Insert into COMPATIBILITE (IDLOGICIEL, IDOS) values (45, 15);
Insert into COMPATIBILITE (IDLOGICIEL, IDOS) values (45, 16);
Insert into COMPATIBILITE (IDLOGICIEL, IDOS) values (45, 17);
Insert into COMPATIBILITE (IDLOGICIEL, IDOS) values (45, 18);
Insert into COMPATIBILITE (IDLOGICIEL, IDOS) values (45, 19);
Insert into COMPATIBILITE (IDLOGICIEL, IDOS) values (46, 6);
Insert into COMPATIBILITE (IDLOGICIEL, IDOS) values (46, 7);
Insert into COMPATIBILITE (IDLOGICIEL, IDOS) values (46, 8);
Insert into COMPATIBILITE (IDLOGICIEL, IDOS) values (46, 9);
Insert into COMPATIBILITE (IDLOGICIEL, IDOS) values (46, 10);
Insert into COMPATIBILITE (IDLOGICIEL, IDOS) values (46, 11);
Insert into COMPATIBILITE (IDLOGICIEL, IDOS) values (46, 14);
Insert into COMPATIBILITE (IDLOGICIEL, IDOS) values (46, 15);
Insert into COMPATIBILITE (IDLOGICIEL, IDOS) values (46, 16);
Insert into COMPATIBILITE (IDLOGICIEL, IDOS) values (46, 17);
Insert into COMPATIBILITE (IDLOGICIEL, IDOS) values (46, 18);
Insert into COMPATIBILITE (IDLOGICIEL, IDOS) values (46, 19);
Insert into COMPATIBILITE (IDLOGICIEL, IDOS) values (47, 6);
Insert into COMPATIBILITE (IDLOGICIEL, IDOS) values (47, 7);
Insert into COMPATIBILITE (IDLOGICIEL, IDOS) values (47, 8);
Insert into COMPATIBILITE (IDLOGICIEL, IDOS) values (47, 9);
Insert into COMPATIBILITE (IDLOGICIEL, IDOS) values (47, 10);
Insert into COMPATIBILITE (IDLOGICIEL, IDOS) values (47, 11);
Insert into COMPATIBILITE (IDLOGICIEL, IDOS) values (47, 14);
Insert into COMPATIBILITE (IDLOGICIEL, IDOS) values (47, 15);
Insert into COMPATIBILITE (IDLOGICIEL, IDOS) values (47, 16);
Insert into COMPATIBILITE (IDLOGICIEL, IDOS) values (47, 17);
Insert into COMPATIBILITE (IDLOGICIEL, IDOS) values (47, 18);
Insert into COMPATIBILITE (IDLOGICIEL, IDOS) values (47, 19);
Insert into COMPATIBILITE (IDLOGICIEL, IDOS) values (48, 1);
Insert into COMPATIBILITE (IDLOGICIEL, IDOS) values (48, 2);
Insert into COMPATIBILITE (IDLOGICIEL, IDOS) values (48, 3);
Insert into COMPATIBILITE (IDLOGICIEL, IDOS) values (48, 4);
Insert into COMPATIBILITE (IDLOGICIEL, IDOS) values (48, 5);
Insert into COMPATIBILITE (IDLOGICIEL, IDOS) values (48, 6);
Insert into COMPATIBILITE (IDLOGICIEL, IDOS) values (48, 7);
Insert into COMPATIBILITE (IDLOGICIEL, IDOS) values (48, 8);
Insert into COMPATIBILITE (IDLOGICIEL, IDOS) values (48, 9);
Insert into COMPATIBILITE (IDLOGICIEL, IDOS) values (48, 10);
Insert into COMPATIBILITE (IDLOGICIEL, IDOS) values (48, 11);
Insert into COMPATIBILITE (IDLOGICIEL, IDOS) values (48, 12);
Insert into COMPATIBILITE (IDLOGICIEL, IDOS) values (48, 13);
Insert into COMPATIBILITE (IDLOGICIEL, IDOS) values (48, 14);
Insert into COMPATIBILITE (IDLOGICIEL, IDOS) values (48, 15);
Insert into COMPATIBILITE (IDLOGICIEL, IDOS) values (48, 16);
Insert into COMPATIBILITE (IDLOGICIEL, IDOS) values (48, 17);
Insert into COMPATIBILITE (IDLOGICIEL, IDOS) values (48, 18);
Insert into COMPATIBILITE (IDLOGICIEL, IDOS) values (48, 19);
Insert into COMPATIBILITE (IDLOGICIEL, IDOS) values (48, 20);
Insert into COMPATIBILITE (IDLOGICIEL, IDOS) values (48, 21);
Insert into COMPATIBILITE (IDLOGICIEL, IDOS) values (48, 22);
Insert into COMPATIBILITE (IDLOGICIEL, IDOS) values (48, 23);
Insert into COMPATIBILITE (IDLOGICIEL, IDOS) values (48, 24);
Insert into COMPATIBILITE (IDLOGICIEL, IDOS) values (48, 25);
Insert into COMPATIBILITE (IDLOGICIEL, IDOS) values (48, 26);
Insert into COMPATIBILITE (IDLOGICIEL, IDOS) values (48, 27);
Insert into COMPATIBILITE (IDLOGICIEL, IDOS) values (48, 28);
Insert into COMPATIBILITE (IDLOGICIEL, IDOS) values (48, 29);
Insert into COMPATIBILITE (IDLOGICIEL, IDOS) values (48, 30);
Insert into COMPATIBILITE (IDLOGICIEL, IDOS) values (48, 31);
Insert into COMPATIBILITE (IDLOGICIEL, IDOS) values (48, 32);
Insert into COMPATIBILITE (IDLOGICIEL, IDOS) values (48, 33);
Insert into COMPATIBILITE (IDLOGICIEL, IDOS) values (48, 34);
Insert into COMPATIBILITE (IDLOGICIEL, IDOS) values (48, 35);
Insert into COMPATIBILITE (IDLOGICIEL, IDOS) values (48, 36);
Insert into COMPATIBILITE (IDLOGICIEL, IDOS) values (48, 37);
Insert into COMPATIBILITE (IDLOGICIEL, IDOS) values (48, 38);
Insert into COMPATIBILITE (IDLOGICIEL, IDOS) values (48, 39);
Insert into COMPATIBILITE (IDLOGICIEL, IDOS) values (48, 40);
Insert into COMPATIBILITE (IDLOGICIEL, IDOS) values (48, 41);
Insert into COMPATIBILITE (IDLOGICIEL, IDOS) values (48, 42);
Insert into COMPATIBILITE (IDLOGICIEL, IDOS) values (48, 43);
Insert into COMPATIBILITE (IDLOGICIEL, IDOS) values (48, 44);
Insert into COMPATIBILITE (IDLOGICIEL, IDOS) values (48, 45);
Insert into COMPATIBILITE (IDLOGICIEL, IDOS) values (48, 46);
Insert into COMPATIBILITE (IDLOGICIEL, IDOS) values (48, 47);
Insert into COMPATIBILITE (IDLOGICIEL, IDOS) values (48, 48);
Insert into COMPATIBILITE (IDLOGICIEL, IDOS) values (48, 49);
Insert into COMPATIBILITE (IDLOGICIEL, IDOS) values (48, 50);
Insert into COMPATIBILITE (IDLOGICIEL, IDOS) values (48, 51);
Insert into COMPATIBILITE (IDLOGICIEL, IDOS) values (48, 52);
Insert into COMPATIBILITE (IDLOGICIEL, IDOS) values (48, 53);
Insert into COMPATIBILITE (IDLOGICIEL, IDOS) values (48, 54);
Insert into COMPATIBILITE (IDLOGICIEL, IDOS) values (49, 1);
Insert into COMPATIBILITE (IDLOGICIEL, IDOS) values (49, 2);
Insert into COMPATIBILITE (IDLOGICIEL, IDOS) values (49, 3);
Insert into COMPATIBILITE (IDLOGICIEL, IDOS) values (49, 4);
Insert into COMPATIBILITE (IDLOGICIEL, IDOS) values (49, 5);
Insert into COMPATIBILITE (IDLOGICIEL, IDOS) values (49, 6);
Insert into COMPATIBILITE (IDLOGICIEL, IDOS) values (49, 7);
Insert into COMPATIBILITE (IDLOGICIEL, IDOS) values (49, 8);
Insert into COMPATIBILITE (IDLOGICIEL, IDOS) values (49, 9);
Insert into COMPATIBILITE (IDLOGICIEL, IDOS) values (49, 10);
Insert into COMPATIBILITE (IDLOGICIEL, IDOS) values (49, 11);
Insert into COMPATIBILITE (IDLOGICIEL, IDOS) values (49, 12);
Insert into COMPATIBILITE (IDLOGICIEL, IDOS) values (49, 13);
Insert into COMPATIBILITE (IDLOGICIEL, IDOS) values (49, 14);
Insert into COMPATIBILITE (IDLOGICIEL, IDOS) values (49, 15);
Insert into COMPATIBILITE (IDLOGICIEL, IDOS) values (49, 16);
Insert into COMPATIBILITE (IDLOGICIEL, IDOS) values (49, 17);
Insert into COMPATIBILITE (IDLOGICIEL, IDOS) values (49, 18);
Insert into COMPATIBILITE (IDLOGICIEL, IDOS) values (49, 19);
Insert into COMPATIBILITE (IDLOGICIEL, IDOS) values (49, 20);
Insert into COMPATIBILITE (IDLOGICIEL, IDOS) values (49, 21);
Insert into COMPATIBILITE (IDLOGICIEL, IDOS) values (49, 22);
Insert into COMPATIBILITE (IDLOGICIEL, IDOS) values (49, 23);
Insert into COMPATIBILITE (IDLOGICIEL, IDOS) values (49, 24);
Insert into COMPATIBILITE (IDLOGICIEL, IDOS) values (49, 25);
Insert into COMPATIBILITE (IDLOGICIEL, IDOS) values (49, 26);
Insert into COMPATIBILITE (IDLOGICIEL, IDOS) values (49, 27);
Insert into COMPATIBILITE (IDLOGICIEL, IDOS) values (49, 28);
Insert into COMPATIBILITE (IDLOGICIEL, IDOS) values (49, 29);
Insert into COMPATIBILITE (IDLOGICIEL, IDOS) values (49, 30);
Insert into COMPATIBILITE (IDLOGICIEL, IDOS) values (49, 31);
Insert into COMPATIBILITE (IDLOGICIEL, IDOS) values (49, 32);
Insert into COMPATIBILITE (IDLOGICIEL, IDOS) values (49, 33);
Insert into COMPATIBILITE (IDLOGICIEL, IDOS) values (49, 34);
Insert into COMPATIBILITE (IDLOGICIEL, IDOS) values (49, 35);
Insert into COMPATIBILITE (IDLOGICIEL, IDOS) values (49, 36);
Insert into COMPATIBILITE (IDLOGICIEL, IDOS) values (49, 37);
Insert into COMPATIBILITE (IDLOGICIEL, IDOS) values (49, 38);
Insert into COMPATIBILITE (IDLOGICIEL, IDOS) values (49, 39);
Insert into COMPATIBILITE (IDLOGICIEL, IDOS) values (49, 40);
Insert into COMPATIBILITE (IDLOGICIEL, IDOS) values (49, 41);
Insert into COMPATIBILITE (IDLOGICIEL, IDOS) values (49, 42);
Insert into COMPATIBILITE (IDLOGICIEL, IDOS) values (49, 43);
Insert into COMPATIBILITE (IDLOGICIEL, IDOS) values (49, 44);
Insert into COMPATIBILITE (IDLOGICIEL, IDOS) values (49, 45);
Insert into COMPATIBILITE (IDLOGICIEL, IDOS) values (49, 46);
Insert into COMPATIBILITE (IDLOGICIEL, IDOS) values (49, 47);
Insert into COMPATIBILITE (IDLOGICIEL, IDOS) values (49, 48);
Insert into COMPATIBILITE (IDLOGICIEL, IDOS) values (49, 49);
Insert into COMPATIBILITE (IDLOGICIEL, IDOS) values (49, 50);
Insert into COMPATIBILITE (IDLOGICIEL, IDOS) values (49, 51);
Insert into COMPATIBILITE (IDLOGICIEL, IDOS) values (49, 52);
Insert into COMPATIBILITE (IDLOGICIEL, IDOS) values (49, 53);
Insert into COMPATIBILITE (IDLOGICIEL, IDOS) values (49, 54);
Insert into COMPATIBILITE (IDLOGICIEL, IDOS) values (50, 1);
Insert into COMPATIBILITE (IDLOGICIEL, IDOS) values (50, 2);
Insert into COMPATIBILITE (IDLOGICIEL, IDOS) values (50, 3);
Insert into COMPATIBILITE (IDLOGICIEL, IDOS) values (50, 4);
Insert into COMPATIBILITE (IDLOGICIEL, IDOS) values (50, 5);
Insert into COMPATIBILITE (IDLOGICIEL, IDOS) values (50, 6);
Insert into COMPATIBILITE (IDLOGICIEL, IDOS) values (50, 7);
Insert into COMPATIBILITE (IDLOGICIEL, IDOS) values (50, 8);
Insert into COMPATIBILITE (IDLOGICIEL, IDOS) values (50, 9);
Insert into COMPATIBILITE (IDLOGICIEL, IDOS) values (50, 10);
Insert into COMPATIBILITE (IDLOGICIEL, IDOS) values (50, 11);
Insert into COMPATIBILITE (IDLOGICIEL, IDOS) values (50, 12);
Insert into COMPATIBILITE (IDLOGICIEL, IDOS) values (50, 13);
Insert into COMPATIBILITE (IDLOGICIEL, IDOS) values (50, 14);
Insert into COMPATIBILITE (IDLOGICIEL, IDOS) values (50, 15);
Insert into COMPATIBILITE (IDLOGICIEL, IDOS) values (50, 16);
Insert into COMPATIBILITE (IDLOGICIEL, IDOS) values (50, 17);
Insert into COMPATIBILITE (IDLOGICIEL, IDOS) values (50, 18);
Insert into COMPATIBILITE (IDLOGICIEL, IDOS) values (50, 19);
Insert into COMPATIBILITE (IDLOGICIEL, IDOS) values (50, 20);
Insert into COMPATIBILITE (IDLOGICIEL, IDOS) values (50, 21);
Insert into COMPATIBILITE (IDLOGICIEL, IDOS) values (50, 22);
Insert into COMPATIBILITE (IDLOGICIEL, IDOS) values (50, 23);
Insert into COMPATIBILITE (IDLOGICIEL, IDOS) values (50, 24);
Insert into COMPATIBILITE (IDLOGICIEL, IDOS) values (50, 25);
Insert into COMPATIBILITE (IDLOGICIEL, IDOS) values (50, 26);
Insert into COMPATIBILITE (IDLOGICIEL, IDOS) values (50, 27);
Insert into COMPATIBILITE (IDLOGICIEL, IDOS) values (50, 28);
Insert into COMPATIBILITE (IDLOGICIEL, IDOS) values (50, 29);
Insert into COMPATIBILITE (IDLOGICIEL, IDOS) values (50, 30);
Insert into COMPATIBILITE (IDLOGICIEL, IDOS) values (50, 31);
Insert into COMPATIBILITE (IDLOGICIEL, IDOS) values (50, 32);
Insert into COMPATIBILITE (IDLOGICIEL, IDOS) values (50, 33);
Insert into COMPATIBILITE (IDLOGICIEL, IDOS) values (50, 34);
Insert into COMPATIBILITE (IDLOGICIEL, IDOS) values (50, 35);
Insert into COMPATIBILITE (IDLOGICIEL, IDOS) values (50, 36);
Insert into COMPATIBILITE (IDLOGICIEL, IDOS) values (50, 37);
Insert into COMPATIBILITE (IDLOGICIEL, IDOS) values (50, 38);
Insert into COMPATIBILITE (IDLOGICIEL, IDOS) values (50, 39);
Insert into COMPATIBILITE (IDLOGICIEL, IDOS) values (50, 40);
Insert into COMPATIBILITE (IDLOGICIEL, IDOS) values (50, 41);
Insert into COMPATIBILITE (IDLOGICIEL, IDOS) values (50, 42);
Insert into COMPATIBILITE (IDLOGICIEL, IDOS) values (50, 43);
Insert into COMPATIBILITE (IDLOGICIEL, IDOS) values (50, 44);
Insert into COMPATIBILITE (IDLOGICIEL, IDOS) values (50, 45);
Insert into COMPATIBILITE (IDLOGICIEL, IDOS) values (50, 46);
Insert into COMPATIBILITE (IDLOGICIEL, IDOS) values (50, 47);
Insert into COMPATIBILITE (IDLOGICIEL, IDOS) values (50, 48);
Insert into COMPATIBILITE (IDLOGICIEL, IDOS) values (50, 49);
Insert into COMPATIBILITE (IDLOGICIEL, IDOS) values (50, 50);
Insert into COMPATIBILITE (IDLOGICIEL, IDOS) values (50, 51);
Insert into COMPATIBILITE (IDLOGICIEL, IDOS) values (50, 52);
Insert into COMPATIBILITE (IDLOGICIEL, IDOS) values (50, 53);
Insert into COMPATIBILITE (IDLOGICIEL, IDOS) values (50, 54);
Insert into COMPATIBILITE (IDLOGICIEL, IDOS) values (51, 1);
Insert into COMPATIBILITE (IDLOGICIEL, IDOS) values (51, 2);
Insert into COMPATIBILITE (IDLOGICIEL, IDOS) values (51, 3);
Insert into COMPATIBILITE (IDLOGICIEL, IDOS) values (51, 4);
Insert into COMPATIBILITE (IDLOGICIEL, IDOS) values (51, 5);
Insert into COMPATIBILITE (IDLOGICIEL, IDOS) values (51, 6);
Insert into COMPATIBILITE (IDLOGICIEL, IDOS) values (51, 7);
Insert into COMPATIBILITE (IDLOGICIEL, IDOS) values (51, 8);
Insert into COMPATIBILITE (IDLOGICIEL, IDOS) values (51, 9);
Insert into COMPATIBILITE (IDLOGICIEL, IDOS) values (51, 10);
Insert into COMPATIBILITE (IDLOGICIEL, IDOS) values (51, 11);
Insert into COMPATIBILITE (IDLOGICIEL, IDOS) values (51, 12);
Insert into COMPATIBILITE (IDLOGICIEL, IDOS) values (51, 13);
Insert into COMPATIBILITE (IDLOGICIEL, IDOS) values (51, 14);
Insert into COMPATIBILITE (IDLOGICIEL, IDOS) values (51, 15);
Insert into COMPATIBILITE (IDLOGICIEL, IDOS) values (51, 16);
Insert into COMPATIBILITE (IDLOGICIEL, IDOS) values (51, 17);
Insert into COMPATIBILITE (IDLOGICIEL, IDOS) values (51, 18);
Insert into COMPATIBILITE (IDLOGICIEL, IDOS) values (51, 19);
Insert into COMPATIBILITE (IDLOGICIEL, IDOS) values (51, 20);
Insert into COMPATIBILITE (IDLOGICIEL, IDOS) values (51, 21);
Insert into COMPATIBILITE (IDLOGICIEL, IDOS) values (51, 22);
Insert into COMPATIBILITE (IDLOGICIEL, IDOS) values (51, 23);
Insert into COMPATIBILITE (IDLOGICIEL, IDOS) values (51, 24);
Insert into COMPATIBILITE (IDLOGICIEL, IDOS) values (51, 25);
Insert into COMPATIBILITE (IDLOGICIEL, IDOS) values (51, 26);
Insert into COMPATIBILITE (IDLOGICIEL, IDOS) values (51, 27);
Insert into COMPATIBILITE (IDLOGICIEL, IDOS) values (51, 28);
Insert into COMPATIBILITE (IDLOGICIEL, IDOS) values (51, 29);
Insert into COMPATIBILITE (IDLOGICIEL, IDOS) values (51, 30);
Insert into COMPATIBILITE (IDLOGICIEL, IDOS) values (51, 31);
Insert into COMPATIBILITE (IDLOGICIEL, IDOS) values (51, 32);
Insert into COMPATIBILITE (IDLOGICIEL, IDOS) values (51, 33);
Insert into COMPATIBILITE (IDLOGICIEL, IDOS) values (51, 34);
Insert into COMPATIBILITE (IDLOGICIEL, IDOS) values (51, 35);
Insert into COMPATIBILITE (IDLOGICIEL, IDOS) values (51, 36);
Insert into COMPATIBILITE (IDLOGICIEL, IDOS) values (51, 37);
Insert into COMPATIBILITE (IDLOGICIEL, IDOS) values (51, 38);
Insert into COMPATIBILITE (IDLOGICIEL, IDOS) values (51, 39);
Insert into COMPATIBILITE (IDLOGICIEL, IDOS) values (51, 40);
Insert into COMPATIBILITE (IDLOGICIEL, IDOS) values (51, 41);
Insert into COMPATIBILITE (IDLOGICIEL, IDOS) values (51, 42);
Insert into COMPATIBILITE (IDLOGICIEL, IDOS) values (51, 43);
Insert into COMPATIBILITE (IDLOGICIEL, IDOS) values (51, 44);
Insert into COMPATIBILITE (IDLOGICIEL, IDOS) values (51, 45);
Insert into COMPATIBILITE (IDLOGICIEL, IDOS) values (51, 46);
Insert into COMPATIBILITE (IDLOGICIEL, IDOS) values (51, 47);
Insert into COMPATIBILITE (IDLOGICIEL, IDOS) values (51, 48);
Insert into COMPATIBILITE (IDLOGICIEL, IDOS) values (51, 49);
Insert into COMPATIBILITE (IDLOGICIEL, IDOS) values (51, 50);
Insert into COMPATIBILITE (IDLOGICIEL, IDOS) values (51, 51);
Insert into COMPATIBILITE (IDLOGICIEL, IDOS) values (51, 52);
Insert into COMPATIBILITE (IDLOGICIEL, IDOS) values (51, 53);
Insert into COMPATIBILITE (IDLOGICIEL, IDOS) values (51, 54);
Insert into COMPATIBILITE (IDLOGICIEL, IDOS) values (52, 1);
Insert into COMPATIBILITE (IDLOGICIEL, IDOS) values (52, 2);
Insert into COMPATIBILITE (IDLOGICIEL, IDOS) values (52, 3);
Insert into COMPATIBILITE (IDLOGICIEL, IDOS) values (52, 4);
Insert into COMPATIBILITE (IDLOGICIEL, IDOS) values (52, 5);
Insert into COMPATIBILITE (IDLOGICIEL, IDOS) values (52, 6);
Insert into COMPATIBILITE (IDLOGICIEL, IDOS) values (52, 7);
Insert into COMPATIBILITE (IDLOGICIEL, IDOS) values (52, 8);
Insert into COMPATIBILITE (IDLOGICIEL, IDOS) values (52, 9);
Insert into COMPATIBILITE (IDLOGICIEL, IDOS) values (52, 10);
Insert into COMPATIBILITE (IDLOGICIEL, IDOS) values (52, 11);
Insert into COMPATIBILITE (IDLOGICIEL, IDOS) values (52, 12);
Insert into COMPATIBILITE (IDLOGICIEL, IDOS) values (52, 13);
Insert into COMPATIBILITE (IDLOGICIEL, IDOS) values (52, 14);
Insert into COMPATIBILITE (IDLOGICIEL, IDOS) values (52, 15);
Insert into COMPATIBILITE (IDLOGICIEL, IDOS) values (52, 16);
Insert into COMPATIBILITE (IDLOGICIEL, IDOS) values (52, 17);
Insert into COMPATIBILITE (IDLOGICIEL, IDOS) values (52, 18);
Insert into COMPATIBILITE (IDLOGICIEL, IDOS) values (52, 19);
Insert into COMPATIBILITE (IDLOGICIEL, IDOS) values (52, 20);
Insert into COMPATIBILITE (IDLOGICIEL, IDOS) values (52, 21);
Insert into COMPATIBILITE (IDLOGICIEL, IDOS) values (52, 22);
Insert into COMPATIBILITE (IDLOGICIEL, IDOS) values (52, 23);
Insert into COMPATIBILITE (IDLOGICIEL, IDOS) values (52, 24);
Insert into COMPATIBILITE (IDLOGICIEL, IDOS) values (52, 25);
Insert into COMPATIBILITE (IDLOGICIEL, IDOS) values (52, 26);
Insert into COMPATIBILITE (IDLOGICIEL, IDOS) values (52, 27);
Insert into COMPATIBILITE (IDLOGICIEL, IDOS) values (52, 28);
Insert into COMPATIBILITE (IDLOGICIEL, IDOS) values (52, 29);
Insert into COMPATIBILITE (IDLOGICIEL, IDOS) values (52, 30);
Insert into COMPATIBILITE (IDLOGICIEL, IDOS) values (52, 31);
Insert into COMPATIBILITE (IDLOGICIEL, IDOS) values (52, 32);
Insert into COMPATIBILITE (IDLOGICIEL, IDOS) values (52, 33);
Insert into COMPATIBILITE (IDLOGICIEL, IDOS) values (52, 34);
Insert into COMPATIBILITE (IDLOGICIEL, IDOS) values (52, 35);
Insert into COMPATIBILITE (IDLOGICIEL, IDOS) values (52, 36);
Insert into COMPATIBILITE (IDLOGICIEL, IDOS) values (52, 37);
Insert into COMPATIBILITE (IDLOGICIEL, IDOS) values (52, 38);
Insert into COMPATIBILITE (IDLOGICIEL, IDOS) values (52, 39);
Insert into COMPATIBILITE (IDLOGICIEL, IDOS) values (52, 40);
Insert into COMPATIBILITE (IDLOGICIEL, IDOS) values (52, 41);
Insert into COMPATIBILITE (IDLOGICIEL, IDOS) values (52, 42);
Insert into COMPATIBILITE (IDLOGICIEL, IDOS) values (52, 43);
Insert into COMPATIBILITE (IDLOGICIEL, IDOS) values (52, 44);
Insert into COMPATIBILITE (IDLOGICIEL, IDOS) values (52, 45);
Insert into COMPATIBILITE (IDLOGICIEL, IDOS) values (52, 46);
Insert into COMPATIBILITE (IDLOGICIEL, IDOS) values (52, 47);
Insert into COMPATIBILITE (IDLOGICIEL, IDOS) values (52, 48);
Insert into COMPATIBILITE (IDLOGICIEL, IDOS) values (52, 49);
Insert into COMPATIBILITE (IDLOGICIEL, IDOS) values (52, 50);
Insert into COMPATIBILITE (IDLOGICIEL, IDOS) values (52, 51);
Insert into COMPATIBILITE (IDLOGICIEL, IDOS) values (52, 52);
Insert into COMPATIBILITE (IDLOGICIEL, IDOS) values (52, 53);
Insert into COMPATIBILITE (IDLOGICIEL, IDOS) values (52, 54);
Insert into COMPATIBILITE (IDLOGICIEL, IDOS) values (53, 1);
Insert into COMPATIBILITE (IDLOGICIEL, IDOS) values (53, 2);
Insert into COMPATIBILITE (IDLOGICIEL, IDOS) values (53, 3);
Insert into COMPATIBILITE (IDLOGICIEL, IDOS) values (53, 4);
Insert into COMPATIBILITE (IDLOGICIEL, IDOS) values (53, 5);
Insert into COMPATIBILITE (IDLOGICIEL, IDOS) values (53, 6);
Insert into COMPATIBILITE (IDLOGICIEL, IDOS) values (53, 7);
Insert into COMPATIBILITE (IDLOGICIEL, IDOS) values (53, 8);
Insert into COMPATIBILITE (IDLOGICIEL, IDOS) values (53, 9);
Insert into COMPATIBILITE (IDLOGICIEL, IDOS) values (53, 10);
Insert into COMPATIBILITE (IDLOGICIEL, IDOS) values (53, 11);
Insert into COMPATIBILITE (IDLOGICIEL, IDOS) values (53, 12);
Insert into COMPATIBILITE (IDLOGICIEL, IDOS) values (53, 13);
Insert into COMPATIBILITE (IDLOGICIEL, IDOS) values (53, 14);
Insert into COMPATIBILITE (IDLOGICIEL, IDOS) values (53, 15);
Insert into COMPATIBILITE (IDLOGICIEL, IDOS) values (53, 16);
Insert into COMPATIBILITE (IDLOGICIEL, IDOS) values (53, 17);
Insert into COMPATIBILITE (IDLOGICIEL, IDOS) values (53, 18);
Insert into COMPATIBILITE (IDLOGICIEL, IDOS) values (53, 19);
Insert into COMPATIBILITE (IDLOGICIEL, IDOS) values (53, 20);
Insert into COMPATIBILITE (IDLOGICIEL, IDOS) values (53, 21);
Insert into COMPATIBILITE (IDLOGICIEL, IDOS) values (53, 22);
Insert into COMPATIBILITE (IDLOGICIEL, IDOS) values (53, 23);
Insert into COMPATIBILITE (IDLOGICIEL, IDOS) values (53, 24);
Insert into COMPATIBILITE (IDLOGICIEL, IDOS) values (53, 25);
Insert into COMPATIBILITE (IDLOGICIEL, IDOS) values (53, 26);
Insert into COMPATIBILITE (IDLOGICIEL, IDOS) values (53, 27);
Insert into COMPATIBILITE (IDLOGICIEL, IDOS) values (53, 28);
Insert into COMPATIBILITE (IDLOGICIEL, IDOS) values (53, 29);
Insert into COMPATIBILITE (IDLOGICIEL, IDOS) values (53, 30);
Insert into COMPATIBILITE (IDLOGICIEL, IDOS) values (53, 31);
Insert into COMPATIBILITE (IDLOGICIEL, IDOS) values (53, 32);
Insert into COMPATIBILITE (IDLOGICIEL, IDOS) values (53, 33);
Insert into COMPATIBILITE (IDLOGICIEL, IDOS) values (53, 34);
Insert into COMPATIBILITE (IDLOGICIEL, IDOS) values (53, 35);
Insert into COMPATIBILITE (IDLOGICIEL, IDOS) values (53, 36);
Insert into COMPATIBILITE (IDLOGICIEL, IDOS) values (53, 37);
Insert into COMPATIBILITE (IDLOGICIEL, IDOS) values (53, 38);
Insert into COMPATIBILITE (IDLOGICIEL, IDOS) values (53, 39);
Insert into COMPATIBILITE (IDLOGICIEL, IDOS) values (53, 40);
Insert into COMPATIBILITE (IDLOGICIEL, IDOS) values (53, 41);
Insert into COMPATIBILITE (IDLOGICIEL, IDOS) values (53, 42);
Insert into COMPATIBILITE (IDLOGICIEL, IDOS) values (53, 43);
Insert into COMPATIBILITE (IDLOGICIEL, IDOS) values (53, 44);
Insert into COMPATIBILITE (IDLOGICIEL, IDOS) values (53, 45);
Insert into COMPATIBILITE (IDLOGICIEL, IDOS) values (53, 46);
Insert into COMPATIBILITE (IDLOGICIEL, IDOS) values (53, 47);
Insert into COMPATIBILITE (IDLOGICIEL, IDOS) values (53, 48);
Insert into COMPATIBILITE (IDLOGICIEL, IDOS) values (53, 49);
Insert into COMPATIBILITE (IDLOGICIEL, IDOS) values (53, 50);
Insert into COMPATIBILITE (IDLOGICIEL, IDOS) values (53, 51);
Insert into COMPATIBILITE (IDLOGICIEL, IDOS) values (53, 52);
Insert into COMPATIBILITE (IDLOGICIEL, IDOS) values (53, 53);
Insert into COMPATIBILITE (IDLOGICIEL, IDOS) values (53, 54);
Insert into COMPATIBILITE (IDLOGICIEL, IDOS) values (54, 6);
Insert into COMPATIBILITE (IDLOGICIEL, IDOS) values (54, 7);
Insert into COMPATIBILITE (IDLOGICIEL, IDOS) values (54, 8);
Insert into COMPATIBILITE (IDLOGICIEL, IDOS) values (54, 9);
Insert into COMPATIBILITE (IDLOGICIEL, IDOS) values (54, 10);
Insert into COMPATIBILITE (IDLOGICIEL, IDOS) values (54, 11);
Insert into COMPATIBILITE (IDLOGICIEL, IDOS) values (54, 12);
Insert into COMPATIBILITE (IDLOGICIEL, IDOS) values (54, 13);
Insert into COMPATIBILITE (IDLOGICIEL, IDOS) values (54, 14);
Insert into COMPATIBILITE (IDLOGICIEL, IDOS) values (54, 15);
Insert into COMPATIBILITE (IDLOGICIEL, IDOS) values (54, 16);
Insert into COMPATIBILITE (IDLOGICIEL, IDOS) values (54, 17);
Insert into COMPATIBILITE (IDLOGICIEL, IDOS) values (54, 18);
Insert into COMPATIBILITE (IDLOGICIEL, IDOS) values (54, 19);
Insert into COMPATIBILITE (IDLOGICIEL, IDOS) values (55, 6);
Insert into COMPATIBILITE (IDLOGICIEL, IDOS) values (55, 7);
Insert into COMPATIBILITE (IDLOGICIEL, IDOS) values (55, 8);
Insert into COMPATIBILITE (IDLOGICIEL, IDOS) values (55, 9);
Insert into COMPATIBILITE (IDLOGICIEL, IDOS) values (55, 10);
Insert into COMPATIBILITE (IDLOGICIEL, IDOS) values (55, 11);
Insert into COMPATIBILITE (IDLOGICIEL, IDOS) values (55, 12);
Insert into COMPATIBILITE (IDLOGICIEL, IDOS) values (55, 13);
Insert into COMPATIBILITE (IDLOGICIEL, IDOS) values (55, 14);
Insert into COMPATIBILITE (IDLOGICIEL, IDOS) values (55, 15);
Insert into COMPATIBILITE (IDLOGICIEL, IDOS) values (55, 16);
Insert into COMPATIBILITE (IDLOGICIEL, IDOS) values (55, 17);
Insert into COMPATIBILITE (IDLOGICIEL, IDOS) values (55, 18);
Insert into COMPATIBILITE (IDLOGICIEL, IDOS) values (55, 19);
Insert into COMPATIBILITE (IDLOGICIEL, IDOS) values (56, 5);
Insert into COMPATIBILITE (IDLOGICIEL, IDOS) values (56, 6);
Insert into COMPATIBILITE (IDLOGICIEL, IDOS) values (56, 7);
Insert into COMPATIBILITE (IDLOGICIEL, IDOS) values (56, 8);
Insert into COMPATIBILITE (IDLOGICIEL, IDOS) values (56, 9);
Insert into COMPATIBILITE (IDLOGICIEL, IDOS) values (56, 10);
Insert into COMPATIBILITE (IDLOGICIEL, IDOS) values (56, 11);
Insert into COMPATIBILITE (IDLOGICIEL, IDOS) values (56, 12);
Insert into COMPATIBILITE (IDLOGICIEL, IDOS) values (56, 13);
Insert into COMPATIBILITE (IDLOGICIEL, IDOS) values (56, 14);
Insert into COMPATIBILITE (IDLOGICIEL, IDOS) values (56, 15);
Insert into COMPATIBILITE (IDLOGICIEL, IDOS) values (56, 16);
Insert into COMPATIBILITE (IDLOGICIEL, IDOS) values (56, 17);
Insert into COMPATIBILITE (IDLOGICIEL, IDOS) values (56, 18);
Insert into COMPATIBILITE (IDLOGICIEL, IDOS) values (56, 19);
Insert into COMPATIBILITE (IDLOGICIEL, IDOS) values (56, 20);
Insert into COMPATIBILITE (IDLOGICIEL, IDOS) values (56, 46);
Insert into COMPATIBILITE (IDLOGICIEL, IDOS) values (56, 47);
Insert into COMPATIBILITE (IDLOGICIEL, IDOS) values (56, 48);
Insert into COMPATIBILITE (IDLOGICIEL, IDOS) values (56, 49);
Insert into COMPATIBILITE (IDLOGICIEL, IDOS) values (56, 50);
Insert into COMPATIBILITE (IDLOGICIEL, IDOS) values (56, 51);
Insert into COMPATIBILITE (IDLOGICIEL, IDOS) values (56, 52);
Insert into COMPATIBILITE (IDLOGICIEL, IDOS) values (57, 5);
Insert into COMPATIBILITE (IDLOGICIEL, IDOS) values (57, 6);
Insert into COMPATIBILITE (IDLOGICIEL, IDOS) values (57, 7);
Insert into COMPATIBILITE (IDLOGICIEL, IDOS) values (57, 8);
Insert into COMPATIBILITE (IDLOGICIEL, IDOS) values (57, 9);
Insert into COMPATIBILITE (IDLOGICIEL, IDOS) values (57, 10);
Insert into COMPATIBILITE (IDLOGICIEL, IDOS) values (57, 11);
Insert into COMPATIBILITE (IDLOGICIEL, IDOS) values (57, 12);
Insert into COMPATIBILITE (IDLOGICIEL, IDOS) values (57, 13);
Insert into COMPATIBILITE (IDLOGICIEL, IDOS) values (57, 14);
Insert into COMPATIBILITE (IDLOGICIEL, IDOS) values (57, 15);
Insert into COMPATIBILITE (IDLOGICIEL, IDOS) values (57, 16);
Insert into COMPATIBILITE (IDLOGICIEL, IDOS) values (57, 17);
Insert into COMPATIBILITE (IDLOGICIEL, IDOS) values (57, 18);
Insert into COMPATIBILITE (IDLOGICIEL, IDOS) values (57, 19);
Insert into COMPATIBILITE (IDLOGICIEL, IDOS) values (57, 20);
Insert into COMPATIBILITE (IDLOGICIEL, IDOS) values (57, 46);
Insert into COMPATIBILITE (IDLOGICIEL, IDOS) values (57, 47);
Insert into COMPATIBILITE (IDLOGICIEL, IDOS) values (57, 48);
Insert into COMPATIBILITE (IDLOGICIEL, IDOS) values (57, 49);
Insert into COMPATIBILITE (IDLOGICIEL, IDOS) values (57, 50);
Insert into COMPATIBILITE (IDLOGICIEL, IDOS) values (57, 51);
Insert into COMPATIBILITE (IDLOGICIEL, IDOS) values (57, 52);
Insert into COMPATIBILITE (IDLOGICIEL, IDOS) values (58, 5);
Insert into COMPATIBILITE (IDLOGICIEL, IDOS) values (58, 6);
Insert into COMPATIBILITE (IDLOGICIEL, IDOS) values (58, 7);
Insert into COMPATIBILITE (IDLOGICIEL, IDOS) values (58, 8);
Insert into COMPATIBILITE (IDLOGICIEL, IDOS) values (58, 9);
Insert into COMPATIBILITE (IDLOGICIEL, IDOS) values (58, 10);
Insert into COMPATIBILITE (IDLOGICIEL, IDOS) values (58, 11);
Insert into COMPATIBILITE (IDLOGICIEL, IDOS) values (58, 12);
Insert into COMPATIBILITE (IDLOGICIEL, IDOS) values (58, 13);
Insert into COMPATIBILITE (IDLOGICIEL, IDOS) values (58, 14);
Insert into COMPATIBILITE (IDLOGICIEL, IDOS) values (58, 15);
Insert into COMPATIBILITE (IDLOGICIEL, IDOS) values (58, 16);
Insert into COMPATIBILITE (IDLOGICIEL, IDOS) values (58, 17);
Insert into COMPATIBILITE (IDLOGICIEL, IDOS) values (58, 18);
Insert into COMPATIBILITE (IDLOGICIEL, IDOS) values (58, 19);
Insert into COMPATIBILITE (IDLOGICIEL, IDOS) values (58, 20);
Insert into COMPATIBILITE (IDLOGICIEL, IDOS) values (58, 46);
Insert into COMPATIBILITE (IDLOGICIEL, IDOS) values (58, 47);
Insert into COMPATIBILITE (IDLOGICIEL, IDOS) values (58, 48);
Insert into COMPATIBILITE (IDLOGICIEL, IDOS) values (58, 49);
Insert into COMPATIBILITE (IDLOGICIEL, IDOS) values (58, 50);
Insert into COMPATIBILITE (IDLOGICIEL, IDOS) values (58, 51);
Insert into COMPATIBILITE (IDLOGICIEL, IDOS) values (58, 52);

Insert into INSTALLATION (IDINSTALLATION, IDVM, NUMVERSION, IDLOGICIEL) values (1, 1, 1,8);
Insert into INSTALLATION (IDINSTALLATION, IDVM, NUMVERSION, IDLOGICIEL) values (2, 1, 1,7);
Insert into INSTALLATION (IDINSTALLATION, IDVM, NUMVERSION, IDLOGICIEL) values (3, 2, 1,8);
Insert into INSTALLATION (IDINSTALLATION, IDVM, NUMVERSION, IDLOGICIEL) values (4, 2, 1,6);
Insert into INSTALLATION (IDINSTALLATION, IDVM, NUMVERSION, IDLOGICIEL) values (5, 3, 1,8);
Insert into INSTALLATION (IDINSTALLATION, IDVM, NUMVERSION, IDLOGICIEL) values (6, 3, 1,7);
Insert into INSTALLATION (IDINSTALLATION, IDVM, NUMVERSION, IDLOGICIEL) values (7, 4, 1,8);
Insert into INSTALLATION (IDINSTALLATION, IDVM, NUMVERSION, IDLOGICIEL) values (8, 5, 1,8);
Insert into INSTALLATION (IDINSTALLATION, IDVM, NUMVERSION, IDLOGICIEL) values (9, 6, 1,8);
Insert into INSTALLATION (IDINSTALLATION, IDVM, NUMVERSION, IDLOGICIEL) values (10, 7, 1,8);
Insert into INSTALLATION (IDINSTALLATION, IDVM, NUMVERSION, IDLOGICIEL) values (11, 8, 1,8);
Insert into INSTALLATION (IDINSTALLATION, IDVM, NUMVERSION, IDLOGICIEL) values (12, 9, 1,8);
Insert into INSTALLATION (IDINSTALLATION, IDVM, NUMVERSION, IDLOGICIEL) values (13, 10, 1,8);
Insert into INSTALLATION (IDINSTALLATION, IDVM, NUMVERSION, IDLOGICIEL) values (14, 10, 1,7);
Insert into INSTALLATION (IDINSTALLATION, IDVM, NUMVERSION, IDLOGICIEL) values (15, 11, 1,8);
Insert into INSTALLATION (IDINSTALLATION, IDVM, NUMVERSION, IDLOGICIEL) values (16, 12, 1,8);
Insert into INSTALLATION (IDINSTALLATION, IDVM, NUMVERSION, IDLOGICIEL) values (17, 13, 1,8);
Insert into INSTALLATION (IDINSTALLATION, IDVM, NUMVERSION, IDLOGICIEL) values (18, 14, 1,8);
Insert into INSTALLATION (IDINSTALLATION, IDVM, NUMVERSION, IDLOGICIEL) values (19, 14, 1,6);
Insert into INSTALLATION (IDINSTALLATION, IDVM, NUMVERSION, IDLOGICIEL) values (20, 15, 1,8);
Insert into INSTALLATION (IDINSTALLATION, IDVM, NUMVERSION, IDLOGICIEL) values (21, 16, 1,8);
Insert into INSTALLATION (IDINSTALLATION, IDVM, NUMVERSION, IDLOGICIEL) values (22, 17, 1,8);
Insert into INSTALLATION (IDINSTALLATION, IDVM, NUMVERSION, IDLOGICIEL) values (23, 17, 1,7);
Insert into INSTALLATION (IDINSTALLATION, IDVM, NUMVERSION, IDLOGICIEL) values (24, 18, 1,8);
Insert into INSTALLATION (IDINSTALLATION, IDVM, NUMVERSION, IDLOGICIEL) values (25, 18, 1,7);
Insert into INSTALLATION (IDINSTALLATION, IDVM, NUMVERSION, IDLOGICIEL) values (26, 19, 1,8);
Insert into INSTALLATION (IDINSTALLATION, IDVM, NUMVERSION, IDLOGICIEL) values (27, 19, 1,6);
Insert into INSTALLATION (IDINSTALLATION, IDVM, NUMVERSION, IDLOGICIEL) values (28, 15, 2,8);
Insert into INSTALLATION (IDINSTALLATION, IDVM, NUMVERSION, IDLOGICIEL) values (29, 18, 2,8);
Insert into INSTALLATION (IDINSTALLATION, IDVM, NUMVERSION, IDLOGICIEL) values (30, 18, 2,6);
Insert into INSTALLATION (IDINSTALLATION, IDVM, NUMVERSION, IDLOGICIEL) values (31, 19, 2,8);
Insert into INSTALLATION (IDINSTALLATION, IDVM, NUMVERSION, IDLOGICIEL) values (32, 20, 1,9);
Insert into INSTALLATION (IDINSTALLATION, IDVM, NUMVERSION, IDLOGICIEL) values (33, 20, 1,17);
Insert into INSTALLATION (IDINSTALLATION, IDVM, NUMVERSION, IDLOGICIEL) values (34, 20, 1,21);
Insert into INSTALLATION (IDINSTALLATION, IDVM, NUMVERSION, IDLOGICIEL) values (35, 21, 1,10);
Insert into INSTALLATION (IDINSTALLATION, IDVM, NUMVERSION, IDLOGICIEL) values (36, 21, 1,12);
Insert into INSTALLATION (IDINSTALLATION, IDVM, NUMVERSION, IDLOGICIEL) values (37, 21, 1,17);
Insert into INSTALLATION (IDINSTALLATION, IDVM, NUMVERSION, IDLOGICIEL) values (38, 21, 1,21);
Insert into INSTALLATION (IDINSTALLATION, IDVM, NUMVERSION, IDLOGICIEL) values (39, 21, 2,10);
Insert into INSTALLATION (IDINSTALLATION, IDVM, NUMVERSION, IDLOGICIEL) values (40, 21, 2,12);
Insert into INSTALLATION (IDINSTALLATION, IDVM, NUMVERSION, IDLOGICIEL) values (41, 21, 2,17);
Insert into INSTALLATION (IDINSTALLATION, IDVM, NUMVERSION, IDLOGICIEL) values (42, 21, 2,21);
Insert into INSTALLATION (IDINSTALLATION, IDVM, NUMVERSION, IDLOGICIEL) values (43, 21, 2,25);
Insert into INSTALLATION (IDINSTALLATION, IDVM, NUMVERSION, IDLOGICIEL) values (44, 21, 2,43);
Insert into INSTALLATION (IDINSTALLATION, IDVM, NUMVERSION, IDLOGICIEL) values (45, 21, 3,10);
Insert into INSTALLATION (IDINSTALLATION, IDVM, NUMVERSION, IDLOGICIEL) values (46, 21, 3,12);
Insert into INSTALLATION (IDINSTALLATION, IDVM, NUMVERSION, IDLOGICIEL) values (47, 21, 3,17);
Insert into INSTALLATION (IDINSTALLATION, IDVM, NUMVERSION, IDLOGICIEL) values (48, 21, 3,21);
Insert into INSTALLATION (IDINSTALLATION, IDVM, NUMVERSION, IDLOGICIEL) values (49, 21, 3,25);
Insert into INSTALLATION (IDINSTALLATION, IDVM, NUMVERSION, IDLOGICIEL) values (50, 21, 3,43);
Insert into INSTALLATION (IDINSTALLATION, IDVM, NUMVERSION, IDLOGICIEL) values (51, 21, 3,52);
Insert into INSTALLATION (IDINSTALLATION, IDVM, NUMVERSION, IDLOGICIEL) values (52, 21, 3,54);
Insert into INSTALLATION (IDINSTALLATION, IDVM, NUMVERSION, IDLOGICIEL) values (53, 22, 1,11);
Insert into INSTALLATION (IDINSTALLATION, IDVM, NUMVERSION, IDLOGICIEL) values (54, 22, 1,15);
Insert into INSTALLATION (IDINSTALLATION, IDVM, NUMVERSION, IDLOGICIEL) values (55, 22, 1,19);
Insert into INSTALLATION (IDINSTALLATION, IDVM, NUMVERSION, IDLOGICIEL) values (56, 22, 1,23);
Insert into INSTALLATION (IDINSTALLATION, IDVM, NUMVERSION, IDLOGICIEL) values (57, 22, 1,30);
Insert into INSTALLATION (IDINSTALLATION, IDVM, NUMVERSION, IDLOGICIEL) values (58, 23, 1,11);
Insert into INSTALLATION (IDINSTALLATION, IDVM, NUMVERSION, IDLOGICIEL) values (59, 48, 1,1);
Insert into INSTALLATION (IDINSTALLATION, IDVM, NUMVERSION, IDLOGICIEL) values (60, 49, 1,2);
Insert into INSTALLATION (IDINSTALLATION, IDVM, NUMVERSION, IDLOGICIEL) values (61, 50, 1,3);
Insert into INSTALLATION (IDINSTALLATION, IDVM, NUMVERSION, IDLOGICIEL) values (62, 51, 1,4);
Insert into INSTALLATION (IDINSTALLATION, IDVM, NUMVERSION, IDLOGICIEL) values (63, 52, 1,5);
Insert into INSTALLATION (IDINSTALLATION, IDVM, NUMVERSION, IDLOGICIEL) values (64, 53, 1,6);
Insert into INSTALLATION (IDINSTALLATION, IDVM, NUMVERSION, IDLOGICIEL) values (65, 54, 1,7);
Insert into INSTALLATION (IDINSTALLATION, IDVM, NUMVERSION, IDLOGICIEL) values (66, 55, 1,6);
Insert into INSTALLATION (IDINSTALLATION, IDVM, NUMVERSION, IDLOGICIEL) values (67, 55, 1,50);
Insert into INSTALLATION (IDINSTALLATION, IDVM, NUMVERSION, IDLOGICIEL) values (68, 55, 1,52);
Insert into INSTALLATION (IDINSTALLATION, IDVM, NUMVERSION, IDLOGICIEL) values (69, 56, 1,7);
Insert into INSTALLATION (IDINSTALLATION, IDVM, NUMVERSION, IDLOGICIEL) values (70, 56, 1,51);
Insert into INSTALLATION (IDINSTALLATION, IDVM, NUMVERSION, IDLOGICIEL) values (71, 56, 1,53);
Insert into INSTALLATION (IDINSTALLATION, IDVM, NUMVERSION, IDLOGICIEL) values (72, 56, 1,26);
Insert into INSTALLATION (IDINSTALLATION, IDVM, NUMVERSION, IDLOGICIEL) values (73, 57, 1,56);
Insert into INSTALLATION (IDINSTALLATION, IDVM, NUMVERSION, IDLOGICIEL) values (74, 57, 2,57);
Insert into INSTALLATION (IDINSTALLATION, IDVM, NUMVERSION, IDLOGICIEL) values (75, 57, 3,58);
Insert into INSTALLATION (IDINSTALLATION, IDVM, NUMVERSION, IDLOGICIEL) values (76, 58, 1,6);
Insert into INSTALLATION (IDINSTALLATION, IDVM, NUMVERSION, IDLOGICIEL) values (77, 58, 1,8);
Insert into INSTALLATION (IDINSTALLATION, IDVM, NUMVERSION, IDLOGICIEL) values (78, 58, 1,13);
Insert into INSTALLATION (IDINSTALLATION, IDVM, NUMVERSION, IDLOGICIEL) values (79, 58, 1,15);
Insert into INSTALLATION (IDINSTALLATION, IDVM, NUMVERSION, IDLOGICIEL) values (80, 58, 1,19);
Insert into INSTALLATION (IDINSTALLATION, IDVM, NUMVERSION, IDLOGICIEL) values (81, 58, 1,23);
Insert into INSTALLATION (IDINSTALLATION, IDVM, NUMVERSION, IDLOGICIEL) values (82, 58, 1,25);
Insert into INSTALLATION (IDINSTALLATION, IDVM, NUMVERSION, IDLOGICIEL) values (83, 58, 1,30);
Insert into INSTALLATION (IDINSTALLATION, IDVM, NUMVERSION, IDLOGICIEL) values (84, 58, 1,40);
Insert into INSTALLATION (IDINSTALLATION, IDVM, NUMVERSION, IDLOGICIEL) values (85, 59, 1,33);
Insert into INSTALLATION (IDINSTALLATION, IDVM, NUMVERSION, IDLOGICIEL) values (86, 59, 2,34);
Insert into INSTALLATION (IDINSTALLATION, IDVM, NUMVERSION, IDLOGICIEL) values (87, 60, 1,35);


